Account Summary,,,,,,,,,,,
Account,Net Account Value,Total Gain $,Total Gain %,Day's Gain Unrealized $,Day's Gain Unrealized %,Available For Withdrawal,Intraday Marginable Securities,Intraday Non-Marginable Securities,,,
Individual Brokerage -7458,451.27,0,0,0,0,451.27,451.27,451.27,,,
,,,,,,,,,,,
SEARCH CRITERIA,,,,,,,,,,,
Account,Start Date,End  Date,Symbol,Security Type,Covered,Term,,,,,
Individual Brokerage -7458,8/1/2025,10/7/2025,All,Stocks  Options  Mutual Funds  Bonds  ETFs  ,All,All,,,,,
,,,,,,,,,,,
,,,,,,,,,,,
TAXABLE G&L SUMMARY,,,,,,,,,,,
Total Gain Realized,Short-Term Gain Realized,Long-Term Gain Realized,Deferred Loss,Total Commissions & Fees,,,,,,,
-3368.29,34.01,-3402.3,0,17.99,,,,,,,
TAXABLE G&L DETAILS,,,,,,,,,,,
Symbol,Quantity,Date,Cost/Share $,Total Cost $,Date,Price/Share $,Proceeds $,Gain $,Deferred Loss $,Term,Lot Selection
WDC,1,--,--,85.28,--,--,92.09,6.81,--,Short,--
    Sell,1,9/3/2025,85.28,85.28,9/8/2025,92.09,92.09,6.81,0,Short,FIFO
EBAY,2,--,--,185.65,--,--,181.1,-4.55,--,Short,--
    Sell,1,10/7/2025,93.14,93.14,10/7/2025,89.51,89.51,-3.63,0,Short,FIFO
    Sell,1,9/4/2025,92.51,92.51,9/5/2025,91.59,91.59,-0.92,0,Short,FIFO
EMR,1,--,--,131.17,--,--,132.95,1.78,--,Short,--
    Sell,1,8/22/2025,131.17,131.17,8/26/2025,132.95,132.95,1.78,0,Short,FIFO
ENPH,2,--,--,78.12,--,--,76.06,-2.06,--,Short,--
    Sell,2,9/9/2025,39.06,78.12,9/12/2025,38.03,76.06,-2.06,0,Short,FIFO
EQT,1,--,--,51.5,--,--,50.96,-0.54,--,Short,--
    Sell,1,9/4/2025,51.5,51.5,9/5/2025,50.96,50.96,-0.54,0,Short,FIFO
ES,1,--,--,72.65,--,--,72.62,-0.03,--,Short,--
    Sell,1,10/7/2025,72.65,72.65,10/7/2025,72.62,72.62,-0.03,0,Short,FIFO
ETR,1,--,--,89.09,--,--,88.66,-0.43,--,Short,--
    Sell,1,9/4/2025,89.09,89.09,9/4/2025,88.66,88.66,-0.43,0,Short,FIFO
F,1,--,--,11.63,--,--,11.64,0,--,Short,--
    Sell,1,9/4/2025,11.63,11.63,9/4/2025,11.64,11.64,0,0,Short,FIFO
FCX,2,--,--,86.1,--,--,86.45,0.35,--,Short,--
    Sell,1,10/6/2025,40.98,40.98,10/7/2025,41.07,41.07,0.09,0,Short,FIFO
    Sell,1,9/18/2025,45.12,45.12,9/23/2025,45.38,45.38,0.26,0,Short,FIFO
GDDY,1,--,--,146.57,--,--,145.85,-0.72,--,Short,--
    Sell,1,8/22/2025,146.57,146.57,8/26/2025,145.85,145.85,-0.72,0,Short,FIFO
DXCM,1,--,--,76.13,--,--,78.14,2.01,--,Short,--
    Sell,1,9/3/2025,76.13,76.13,9/8/2025,78.14,78.14,2.01,0,Short,FIFO
DOC,1,--,--,18.21,--,--,18.41,0.2,--,Short,--
    Sell,1,9/5/2025,18.21,18.21,9/8/2025,18.41,18.41,0.2,0,Short,FIFO
DAY,1,--,--,69.02,--,--,68.8,-0.22,--,Short,--
    Sell,1,9/16/2025,69.02,69.02,9/24/2025,68.8,68.8,-0.22,0,Short,FIFO
AWK,1,--,--,143.25,--,--,144.57,1.32,--,Short,--
    Sell,1,8/1/2025,143.25,143.25,8/1/2025,144.57,144.57,1.32,0,Short,FIFO
BF.B,1,--,--,28.89,--,--,27.72,-1.17,--,Short,--
    Sell,1,9/5/2025,28.89,28.89,9/8/2025,27.72,27.72,-1.17,0,Short,FIFO
CCL,1,--,--,29.94,--,--,28.54,-1.4,--,Short,--
    Sell,1,9/29/2025,29.94,29.94,10/7/2025,28.54,28.54,-1.4,0,Short,FIFO
CNP,4,--,--,155.89,--,--,156.18,0.29,--,Short,--
    Sell,2,9/24/2025,38.98,77.95,10/6/2025,39.1,78.19,0.24,0,Short,FIFO
    Sell,2,9/24/2025,38.97,77.94,10/3/2025,39,77.99,0.05,0,Short,FIFO
COP,1,--,--,93.75,--,--,95.72,1.97,--,Short,--
    Sell,1,9/16/2025,93.75,93.75,9/24/2025,95.72,95.72,1.97,0,Short,FIFO
CSGP,2,--,--,170.19,--,--,170.33,0.14,--,Short,--
    Sell,1,10/7/2025,80.85,80.85,10/7/2025,80.73,80.73,-0.12,0,Short,FIFO
    Sell,1,9/5/2025,89.34,89.34,9/8/2025,89.6,89.6,0.26,0,Short,FIFO
CVS,1,--,--,70.96,--,--,75.31,4.35,--,Short,--
    Sell,1,9/9/2025,70.96,70.96,9/12/2025,75.31,75.31,4.35,0,Short,FIFO
CZR,1,--,--,27.67,--,--,27.13,-0.54,--,Short,--
    Sell,1,9/29/2025,27.67,27.67,10/3/2025,27.13,27.13,-0.54,0,Short,FIFO
DAL,2,--,--,126.78,--,--,122.31,-4.47,--,Short,--
    Sell,2,9/3/2025,63.39,126.78,9/4/2025,61.16,122.31,-4.47,0,Short,FIFO
HPQ,1,--,--,26.93,--,--,26.71,-0.22,--,Short,--
    Sell,1,9/29/2025,26.93,26.93,10/2/2025,26.71,26.71,-0.22,0,Short,FIFO
PSX,1,--,--,132.82,--,--,133.76,0.94,--,Short,--
    Sell,1,8/29/2025,132.82,132.82,9/2/2025,133.76,133.76,0.94,0,Short,FIFO
RF,3,--,--,77.91,--,--,77.61,-0.3,--,Short,--
    Sell,3,10/7/2025,25.97,77.91,10/7/2025,25.87,77.61,-0.3,0,Short,FIFO
SMCI,2,--,--,110.16,--,--,112.21,2.05,--,Short,--
    Sell,1,10/6/2025,55.87,55.87,10/7/2025,56.94,56.94,1.07,0,Short,FIFO
    Sell,1,10/6/2025,54.29,54.29,10/6/2025,55.27,55.27,0.98,0,Short,FIFO
SWKS,1,--,--,76.23,--,--,73.55,-2.68,--,Short,--
    Sell,1,9/9/2025,76.23,76.23,9/12/2025,73.55,73.55,-2.68,0,Short,FIFO
TECH,2,--,--,109.78,--,--,113.6,3.82,--,Short,--
    Sell,2,8/22/2025,54.89,109.78,8/26/2025,56.8,113.6,3.82,0,Short,FIFO
UAL,1,--,--,104.87,--,--,104.74,-0.13,--,Short,--
    Sell,1,8/29/2025,104.87,104.87,9/2/2025,104.74,104.74,-0.13,0,Short,FIFO
UBER,1,--,--,99.18,--,--,99.3,0.12,--,Short,--
    Sell,1,10/6/2025,99.18,99.18,10/7/2025,99.3,99.3,0.12,0,Short,FIFO
VZ,1,--,--,44.95,--,--,44.9,-0.05,--,Short,--
    Sell,1,8/19/2025,44.95,44.95,8/19/2025,44.9,44.9,-0.05,0,Short,FIFO
WBD,1,--,--,12.21,--,--,17.52,5.31,--,Short,--
    Sell,1,9/8/2025,12.21,12.21,9/12/2025,17.52,17.52,5.31,0,Short,FIFO
PCG,1,--,--,14.86,--,--,15.65,0.79,--,Short,--
    Sell,1,9/9/2025,14.86,14.86,9/12/2025,15.65,15.65,0.79,0,Short,FIFO
ON,2,--,--,98.39,--,--,104.5,6.11,--,Short,--
    Sell,2,9/16/2025,49.2,98.39,9/18/2025,52.25,104.5,6.11,0,Short,FIFO
OMC,1,--,--,79.72,--,--,79.72,0,--,Short,--
    Sell,1,10/7/2025,79.72,79.72,10/7/2025,79.72,79.72,0,0,Short,FIFO
INTC,2,--,--,61.64,--,--,60.88,-0.76,--,Short,--
    Sell,2,9/18/2025,30.82,61.64,9/24/2025,30.44,60.88,-0.76,0,Short,FIFO
IR,1,--,--,81.41,--,--,81.78,0.37,--,Short,--
    Sell,1,9/24/2025,81.41,81.41,9/26/2025,81.78,81.78,0.37,0,Short,FIFO
IVZ,5,--,--,111.28,--,--,111.37,0.09,--,Short,--
    Sell,4,9/9/2025,22.35,89.4,9/12/2025,22.32,89.29,-0.11,0,Short,FIFO
    Sell,1,9/5/2025,21.88,21.88,9/8/2025,22.08,22.08,0.2,0,Short,FIFO
KO,1,--,--,66.87,--,--,66.5,-0.37,--,Short,--
    Sell,1,9/18/2025,66.87,66.87,9/24/2025,66.5,66.5,-0.37,0,Short,FIFO
L,1,--,--,99.14,--,--,100.35,1.21,--,Short,--
    Sell,1,9/24/2025,99.14,99.14,9/26/2025,100.35,100.35,1.21,0,Short,FIFO
MDT,1,--,--,93.24,--,--,91.97,-1.27,--,Short,--
    Sell,1,9/4/2025,93.24,93.24,9/8/2025,91.97,91.97,-1.27,0,Short,FIFO
MRNA,4,--,--,97.92,--,--,107.24,9.32,--,Short,--
    Sell,4,9/16/2025,24.48,97.92,9/22/2025,26.81,107.24,9.32,0,Short,FIFO
NCLH,4,--,--,101.05,--,--,104.910001,3.86,--,Short,--
    Sell,1,9/29/2025,25.31,25.31,10/7/2025,23.86,23.86,-1.45,0,Short,FIFO
    Sell,3,9/9/2025,25.25,75.74,9/12/2025,27.02,81.050001,5.31,0,Short,FIFO
OKE,1,--,--,74.28,--,--,74.76,0.48,--,Short,--
    Sell,1,9/24/2025,74.28,74.28,9/26/2025,74.76,74.76,0.48,0,Short,FIFO
ALB,1,--,--,90.62,--,--,92.85,2.23,--,Short,--
    Sell,1,10/6/2025,90.62,90.62,10/7/2025,92.85,92.85,2.23,0,Short,FIFO
Total,,,,7240.71,,,3872.42,-3368.29,0,,
Generated at Oct 12 2025 02:54 PM ET,,,,,,,,,,,
