timestamp,symbol,price,ADX,ATR_val,ATR_pct,SuperTracker_osc,SuperTracker_sig,signals
2025-08-01T03:26:34.146808,AES,13.14,23.07,0.04,0.33,4.98,-6.03,ADX ≥ 20.0;MACD 🚀;SuperTracker ↑;BB breakout;RSI 📈;Price > SMA20
2025-08-01T03:31:12.029211,AES,13.14,23.07,0.04,0.33,4.98,-6.03,ADX ≥ 20.0;MACD 🚀;SuperTracker ↑;BB breakout;RSI 📈;Price > SMA20
2025-08-01T03:39:20.698608,AES,13.14,23.07,0.04,0.33,4.98,-6.03,ADX ≥ 20.0;MACD 🚀;SuperTracker ↑;BB breakout;RSI 📈;Price > SMA20
2025-08-01T03:39:24.461445,ARE,76.39,35.51,0.18,0.23,4.65,-2.57,ADX ≥ 20.0;MACD 🚀;SuperTracker ↑
2025-08-01T03:39:27.310440,GOOGL,191.90,25.60,0.38,0.20,41.73,15.78,ADX ≥ 20.0;MACD 🚀;SuperTracker ↑;Price > SMA20
2025-08-01T03:39:28.030998,GOOG,192.86,29.70,0.36,0.19,36.63,12.99,ADX ≥ 20.0;MACD 🚀;SuperTracker ↑
2025-08-01T03:39:32.830704,AWK,140.24,23.27,0.36,0.26,32.48,29.81,ADX ≥ 20.0;MACD 🚀;SuperTracker ↑;Price > SMA20
2025-08-01T03:39:35.677312,ADI,224.63,20.36,0.49,0.22,11.64,0.06,ADX ≥ 20.0;MACD 🚀;SuperTracker ↑;Price > SMA20
2025-08-01T03:39:39.199833,AMAT,180.06,20.28,0.52,0.29,11.32,-2.00,ADX ≥ 20.0;MACD 🚀;SuperTracker ↑;BB breakout;RSI 📈;Price > SMA20
2025-08-01T03:39:43.528087,ATO,155.89,22.45,0.23,0.15,48.03,23.61,ADX ≥ 20.0;MACD 🚀;SuperTracker ↑;Price > SMA20
2025-08-01T03:39:54.262387,BKNG,5504.06,20.63,9.50,0.17,38.30,12.72,ADX ≥ 20.0;MACD 🚀;SuperTracker ↑;ATR14 ≥ 2.0
2025-08-01T03:39:57.997372,BLDR,127.32,48.16,0.55,0.43,6.91,-2.50,ADX ≥ 20.0;MACD 🚀;SuperTracker ↑;BB breakout;RSI 📈;Price > SMA20
2025-08-01T03:40:01.275415,CPT,109.15,49.92,0.25,0.23,14.59,8.46,ADX ≥ 20.0;MACD 🚀;SuperTracker ↑;BB breakout
2025-08-01T03:40:02.904813,CAH,155.03,33.73,0.37,0.24,15.79,2.69,ADX ≥ 20.0;MACD 🚀;SuperTracker ↑
2025-08-01T03:40:12.368783,CHD,93.73,63.47,0.25,0.27,72.50,57.05,ADX ≥ 20.0;MACD 🚀;SuperTracker ↑
2025-08-01T03:40:16.048639,CLX,125.33,21.58,0.30,0.24,42.04,28.44,ADX ≥ 20.0;MACD 🚀;SuperTracker ↑
2025-08-01T03:40:17.058327,CMS,73.82,31.82,0.13,0.17,39.82,12.61,ADX ≥ 20.0;MACD 🚀;SuperTracker ↑;BB breakout;RSI 📈;Price > SMA20
2025-08-01T03:40:20.265215,CAG,18.26,44.10,0.04,0.24,24.23,14.63,ADX ≥ 20.0;MACD 🚀;SuperTracker ↑
2025-08-01T03:40:21.854444,STZ,166.94,56.40,0.35,0.21,35.09,19.27,ADX ≥ 20.0;MACD 🚀;SuperTracker ↑
2025-08-01T03:40:22.424536,CEG,347.84,25.40,0.74,0.21,17.62,-0.78,ADX ≥ 20.0;MACD 🚀;SuperTracker ↑;BB breakout;Price > SMA20
2025-08-01T03:40:25.523775,CSGP,95.19,34.70,0.17,0.18,3.41,-1.35,ADX ≥ 20.0;MACD 🚀;SuperTracker ↑;BB breakout
2025-08-01T03:40:36.835754,DPZ,463.21,33.96,0.95,0.20,6.73,3.29,ADX ≥ 20.0;MACD 🚀;SuperTracker ↑
2025-08-01T03:40:39.569892,DTE,138.39,22.05,0.22,0.16,40.00,18.27,ADX ≥ 20.0;MACD 🚀;SuperTracker ↑;BB breakout;RSI 📈;Price > SMA20
2025-08-01T03:40:42.327897,EBAY,91.75,23.62,0.32,0.35,22.52,11.78,ADX ≥ 20.0;MACD 🚀;SuperTracker ↑
2025-08-01T03:40:43.503149,EIX,52.12,30.26,0.13,0.24,27.12,13.53,ADX ≥ 20.0;MACD 🚀;SuperTracker ↑;RSI 📈;Price > SMA20
2025-08-01T03:40:45.704997,EMR,145.51,28.59,0.26,0.18,34.94,15.54,ADX ≥ 20.0;MACD 🚀;SuperTracker ↑
2025-08-01T03:40:46.994293,ETR,90.43,25.29,0.18,0.20,50.55,25.04,ADX ≥ 20.0;MACD 🚀;SuperTracker ↑;Price > SMA20
2025-08-01T03:40:48.575039,EQT,53.75,20.66,0.13,0.25,3.71,-2.34,ADX ≥ 20.0;MACD 🚀;SuperTracker ↑;Price > SMA20
2025-08-01T03:40:50.249714,EQR,63.18,52.70,0.14,0.22,25.68,8.35,ADX ≥ 20.0;MACD 🚀;SuperTracker ↑
2025-08-01T03:40:51.519589,ESS,260.10,56.73,0.62,0.24,40.53,20.33,ADX ≥ 20.0;MACD 🚀;SuperTracker ↑
2025-08-01T03:40:54.012865,ES,66.13,35.57,0.12,0.18,31.06,15.79,ADX ≥ 20.0;MACD 🚀;SuperTracker ↑;BB breakout;Price > SMA20
2025-08-01T03:40:54.679978,EXC,44.94,28.85,0.09,0.19,29.17,8.35,ADX ≥ 20.0;MACD 🚀;SuperTracker ↑;BB breakout;RSI 📈;Price > SMA20
2025-08-01T03:40:55.380953,EXE,104.78,49.50,0.21,0.20,12.89,4.90,ADX ≥ 20.0;MACD 🚀;SuperTracker ↑;BB breakout;RSI 📈;Price > SMA20
2025-08-01T03:41:00.105914,FRT,92.14,23.85,0.17,0.18,22.04,5.97,ADX ≥ 20.0;MACD 🚀;SuperTracker ↑;BB breakout;RSI 📈;Price > SMA20
2025-08-01T03:41:03.139117,FE,42.70,25.24,0.09,0.21,32.60,11.48,ADX ≥ 20.0;MACD 🚀;SuperTracker ↑;BB breakout;Price > SMA20
2025-08-01T03:41:04.368847,F,11.08,37.11,0.03,0.25,13.51,8.29,ADX ≥ 20.0;MACD 🚀;SuperTracker ↑;BB breakout;RSI 📈;Price > SMA20
2025-08-01T03:41:09.768763,GEHC,71.32,31.53,0.16,0.23,11.36,1.62,ADX ≥ 20.0;MACD 🚀;SuperTracker ↑
2025-08-01T03:41:10.513695,GEV,660.39,20.67,1.80,0.27,13.01,3.80,ADX ≥ 20.0;MACD 🚀;SuperTracker ↑
2025-08-01T03:41:12.192381,GD,311.64,28.35,0.37,0.12,33.31,15.46,ADX ≥ 20.0;MACD 🚀;SuperTracker ↑;BB breakout;Price > SMA20
2025-08-01T03:41:12.934864,GIS,48.99,40.43,0.08,0.16,18.98,7.33,ADX ≥ 20.0;MACD 🚀;SuperTracker ↑
2025-08-01T03:41:14.224683,GPC,128.90,23.96,0.24,0.18,21.43,13.32,ADX ≥ 20.0;MACD 🚀;SuperTracker ↑
2025-08-01T03:41:14.947053,GILD,112.29,41.95,0.30,0.26,6.92,-8.11,ADX ≥ 20.0;MACD 🚀;SuperTracker ↑
2025-08-01T03:41:24.213921,HRL,28.07,31.37,0.06,0.20,32.79,24.51,ADX ≥ 20.0;MACD 🚀;SuperTracker ↑
2025-08-01T03:41:26.960350,HUM,249.62,23.66,0.97,0.39,6.25,0.79,ADX ≥ 20.0;MACD 🚀;SuperTracker ↑
2025-08-01T03:41:30.682252,INCY,74.89,58.29,0.22,0.30,10.66,7.93,ADX ≥ 20.0;MACD 🚀;SuperTracker ↑;BB breakout;Price > SMA20
2025-08-01T03:41:34.628465,IPG,24.61,39.87,0.06,0.26,9.43,8.86,ADX ≥ 20.0;MACD 🚀;SuperTracker ↑;BB breakout
2025-08-01T03:41:37.304409,IQV,185.89,30.18,0.51,0.28,14.65,5.93,ADX ≥ 20.0;MACD 🚀;SuperTracker ↑
2025-08-01T03:41:39.926590,J,141.88,26.31,0.24,0.17,28.00,17.47,ADX ≥ 20.0;MACD 🚀;SuperTracker ↑
2025-08-01T03:41:42.094669,JNPR,0.00,49.78,0.01,inf,28.22,20.59,ADX ≥ 20.0;MACD 🚀;SuperTracker ↑;ATR % ≥ 0.5%
2025-08-01T03:41:45.696020,KIM,21.23,54.92,0.05,0.24,16.97,5.23,ADX ≥ 20.0;MACD 🚀;SuperTracker ↑
2025-08-01T03:41:46.427193,KMI,28.05,41.94,0.04,0.15,26.91,4.64,ADX ≥ 20.0;MACD 🚀;SuperTracker ↑;BB breakout;RSI 📈;Price > SMA20
2025-08-01T03:41:49.676473,LH,259.98,36.33,0.48,0.19,43.35,20.01,ADX ≥ 20.0;MACD 🚀;SuperTracker ↑
2025-08-01T03:41:50.895401,LW,57.05,21.01,0.16,0.28,29.30,14.88,ADX ≥ 20.0;MACD 🚀;SuperTracker ↑;BB breakout;Price > SMA20
2025-08-01T03:41:59.576903,MAR,263.83,28.76,0.53,0.20,43.73,30.73,ADX ≥ 20.0;MACD 🚀;SuperTracker ↑
2025-08-01T03:42:00.756925,MLM,575.16,21.19,1.06,0.18,18.88,11.25,ADX ≥ 20.0;MACD 🚀;SuperTracker ↑;BB breakout;RSI 📈;Price > SMA20
2025-08-01T03:42:08.566766,MU,109.14,32.26,0.36,0.33,11.18,-1.06,ADX ≥ 20.0;MACD 🚀;SuperTracker ↑;BB breakout;RSI 📈;Price > SMA20
2025-08-01T03:42:13.906362,MNST,58.75,72.54,0.22,0.38,57.13,49.44,ADX ≥ 20.0;MACD 🚀;SuperTracker ↑
2025-08-01T03:42:20.542000,NEE,71.06,27.78,0.15,0.20,26.68,13.83,ADX ≥ 20.0;MACD 🚀;SuperTracker ↑;BB breakout;RSI 📈;Price > SMA20
2025-08-01T03:42:21.360006,NKE,74.69,47.41,0.18,0.24,15.80,6.43,ADX ≥ 20.0;MACD 🚀;SuperTracker ↑;Price > SMA20
2025-08-01T03:42:24.385438,NOC,576.59,37.98,0.57,0.10,23.77,7.45,ADX ≥ 20.0;MACD 🚀;SuperTracker ↑;RSI 📈;Price > SMA20
2025-08-01T03:42:25.176338,NCLH,25.55,28.63,0.10,0.40,15.82,7.12,ADX ≥ 20.0;MACD 🚀;SuperTracker ↑;BB breakout;Price > SMA20
2025-08-01T03:42:26.995449,NVDA,177.87,20.36,0.53,0.30,7.91,-2.30,ADX ≥ 20.0;MACD 🚀;SuperTracker ↑;Price > SMA20
2025-08-01T03:42:29.753680,ODFL,149.25,27.91,0.52,0.35,38.87,26.73,ADX ≥ 20.0;MACD 🚀;SuperTracker ↑;BB breakout;RSI 📈;Price > SMA20
2025-08-01T03:42:33.197233,PCAR,98.76,25.18,0.20,0.20,24.73,14.52,ADX ≥ 20.0;MACD 🚀;SuperTracker ↑
2025-08-01T03:42:37.889594,PYPL,68.76,23.24,0.14,0.20,33.08,19.18,ADX ≥ 20.0;MACD 🚀;SuperTracker ↑
2025-08-01T03:42:39.737416,PFE,23.29,59.71,0.06,0.24,19.49,-2.34,ADX ≥ 20.0;MACD 🚀;SuperTracker ↑
2025-08-01T03:42:42.071743,PNW,90.68,23.32,0.14,0.16,36.84,21.44,ADX ≥ 20.0;MACD 🚀;SuperTracker ↑;BB breakout;RSI 📈;Price > SMA20
2025-08-01T03:42:46.502039,PLD,106.78,22.33,0.23,0.22,10.13,0.34,ADX ≥ 20.0;MACD 🚀;SuperTracker ↑
2025-08-01T03:42:48.525784,PTC,214.81,40.05,0.64,0.30,19.32,10.33,ADX ≥ 20.0;MACD 🚀;SuperTracker ↑
2025-08-01T03:42:50.436884,PWR,406.39,20.58,0.85,0.21,10.26,-6.03,ADX ≥ 20.0;MACD 🚀;SuperTracker ↑;BB breakout;RSI 📈;Price > SMA20
2025-08-01T03:42:53.818095,O,56.16,50.76,0.08,0.15,25.68,13.84,ADX ≥ 20.0;MACD 🚀;SuperTracker ↑
2025-08-01T03:42:54.582198,REG,71.40,31.66,0.13,0.18,15.61,13.66,ADX ≥ 20.0;MACD 🚀;SuperTracker ↑
2025-08-01T03:42:55.375759,REGN,545.46,52.15,1.36,0.25,5.72,-4.52,ADX ≥ 20.0;MACD 🚀;SuperTracker ↑;BB breakout
2025-08-01T03:43:03.172620,STX,157.01,39.60,0.50,0.32,8.88,3.99,ADX ≥ 20.0;MACD 🚀;SuperTracker ↑;RSI 📈;Price > SMA20
2025-08-01T03:43:05.314453,SPG,163.82,22.21,0.29,0.18,4.88,-4.48,ADX ≥ 20.0;MACD 🚀;SuperTracker ↑
2025-08-01T03:43:06.513775,SJM,107.29,44.45,0.23,0.21,20.20,14.72,ADX ≥ 20.0;MACD 🚀;SuperTracker ↑;BB breakout
