timestamp,symbol,SMA 📈(20),RSI 📈,MACD 🚀,BB 📈,VOL 🔊,VWAP+ 💰,Price>SMA(20),ATR14 ≥ 2.0,ATR % ≥ 0.7%,Range % ≥ 1.5%,Gap % ≥ 1.0%,buy
2025-07-14 19:46:04,MMM,1,0,1,1,0,1,1,1,1,1,0,0
2025-07-14 19:46:05,AOS,0,0,0,0,0,1,0,0,1,0,0,0
2025-07-14 19:46:06,ABT,0,0,0,0,0,0,0,1,1,0,0,0
2025-07-14 19:46:06,ABBV,1,0,1,0,0,1,1,1,1,0,0,0
2025-07-14 19:46:07,ACN,1,0,0,0,0,1,1,1,1,0,0,0
2025-07-14 19:46:08,ADBE,1,0,0,0,0,1,1,1,1,1,0,0
2025-07-14 19:46:08,AMD,0,0,0,0,0,1,0,1,1,1,0,0
2025-07-14 19:46:09,AES,1,0,1,0,0,1,1,0,1,1,0,0
2025-07-14 19:46:10,AFL,1,0,1,1,0,1,1,0,1,1,0,0
2025-07-14 19:46:10,A,0,0,0,0,0,0,0,1,1,1,0,0
2025-07-14 19:46:11,APD,0,0,0,0,0,1,0,1,1,0,0,0
2025-07-14 19:46:11,ABNB,0,0,0,0,0,1,0,1,1,1,0,0
2025-07-14 19:46:12,AKAM,0,0,0,0,0,0,0,0,1,1,0,0
2025-07-14 19:46:13,ALB,1,0,1,0,0,1,1,1,1,1,0,0
2025-07-14 19:46:13,ARE,0,0,0,0,0,0,0,1,1,1,0,0
2025-07-14 19:46:14,ALGN,0,0,0,0,0,0,0,1,1,1,0,0
2025-07-14 19:46:14,ALLE,0,0,0,0,0,0,0,1,1,0,0,0
2025-07-14 19:46:15,LNT,1,0,1,0,0,1,1,0,1,0,0,0
2025-07-14 19:46:16,ALL,1,0,1,1,0,1,1,1,1,1,0,0
2025-07-14 19:46:16,GOOGL,1,0,0,0,0,1,1,1,1,1,0,0
2025-07-14 19:46:17,GOOG,1,0,1,0,0,1,1,1,1,1,0,0
2025-07-14 19:46:18,MO,1,0,0,1,0,1,1,0,1,0,0,0
2025-07-14 19:46:18,AMZN,1,0,1,0,0,1,1,1,1,0,0,0
2025-07-14 19:46:19,AMCR,0,0,1,0,0,1,0,0,1,0,0,0
2025-07-14 19:46:19,AEE,1,1,1,1,0,1,1,0,1,1,0,0
2025-07-14 19:46:20,AEP,1,0,1,0,0,0,1,0,1,1,0,0
2025-07-14 19:46:20,AXP,1,0,1,0,0,1,1,1,1,0,0,0
2025-07-14 19:46:21,AIG,1,1,1,0,0,1,1,0,1,1,0,0
2025-07-14 19:46:22,AMT,0,0,0,0,0,1,0,1,1,1,0,0
2025-07-14 19:46:22,AWK,0,0,0,0,0,1,0,1,1,0,0,0
2025-07-14 19:46:23,AMP,0,0,0,0,0,1,0,1,1,0,0,0
2025-07-14 19:46:24,AME,0,0,0,0,0,0,0,1,1,0,0,0
2025-07-14 19:46:24,AMGN,1,1,1,1,0,1,1,1,1,0,0,0
2025-07-14 19:46:25,APH,0,0,0,0,0,1,0,0,1,1,0,0
2025-07-14 19:46:25,ADI,0,0,0,0,0,1,0,1,1,0,0,0
2025-07-14 19:46:26,ANSS,1,0,1,0,0,0,1,1,1,1,1,0
2025-07-14 19:46:27,AON,1,0,1,1,0,1,1,1,1,1,0,0
2025-07-14 19:46:27,APA,1,0,0,0,0,1,1,0,1,1,0,0
2025-07-14 19:46:28,APO,0,0,0,0,0,1,0,1,1,1,0,0
2025-07-14 19:46:29,AAPL,0,0,0,0,0,0,0,1,1,1,0,0
2025-07-14 19:46:29,AMAT,0,0,0,0,0,1,0,1,1,1,0,0
2025-07-14 19:46:30,APTV,0,0,0,0,0,0,0,0,1,1,0,0
2025-07-14 19:46:30,ACGL,0,0,0,0,0,1,0,0,1,1,0,0
2025-07-14 19:46:31,ADM,1,0,1,0,0,1,1,0,1,1,0,0
2025-07-14 19:46:32,ANET,1,0,1,0,0,1,1,1,1,1,0,0
2025-07-14 19:46:32,AJG,1,0,1,1,0,1,1,1,1,0,0,0
2025-07-14 19:46:33,AIZ,1,1,1,1,0,1,1,1,1,1,0,1
2025-07-14 19:54:20,MMM,1,0,1,1,0,1,1,1,1,1,0,0
2025-07-14 19:54:21,AOS,0,0,0,0,0,1,0,0,1,0,0,0
2025-07-14 19:54:21,ABT,0,0,0,0,0,0,0,1,1,0,0,0
2025-07-14 19:54:22,ABBV,1,0,1,0,0,1,1,1,1,0,0,0
2025-07-14 19:54:23,ACN,1,0,0,0,0,1,1,1,1,0,0,0
2025-07-14 19:54:23,ADBE,1,0,0,0,0,1,1,1,1,1,0,0
2025-07-14 19:54:24,AMD,0,0,0,0,0,1,0,1,1,1,0,0
2025-07-14 19:54:25,AES,1,0,1,0,0,1,1,0,1,1,0,0
2025-07-14 19:54:26,AFL,1,0,1,1,0,1,1,0,1,1,0,0
2025-07-14 19:54:26,A,0,0,0,0,0,0,0,1,1,1,0,0
2025-07-14 19:54:27,APD,0,0,0,0,0,1,0,1,1,0,0,0
2025-07-14 19:54:28,ABNB,0,0,0,0,0,1,0,1,1,1,0,0
2025-07-14 19:54:28,AKAM,0,0,0,0,0,0,0,0,1,1,0,0
2025-07-14 19:54:29,ALB,1,0,1,0,0,1,1,1,1,1,0,0
2025-07-14 19:54:29,ARE,0,0,0,0,0,0,0,1,1,1,0,0
2025-07-14 19:54:30,ALGN,0,0,0,0,0,0,0,1,1,1,0,0
2025-07-14 19:54:31,ALLE,0,0,0,0,0,0,0,1,1,0,0,0
2025-07-14 19:54:32,LNT,1,0,1,0,0,1,1,0,1,0,0,0
2025-07-14 19:54:32,ALL,1,0,1,1,0,1,1,1,1,1,0,0
2025-07-14 19:54:33,GOOGL,1,0,0,0,0,1,1,1,1,1,0,0
2025-07-14 19:54:34,GOOG,1,0,1,0,0,1,1,1,1,1,0,0
2025-07-14 19:54:34,MO,1,0,0,1,0,1,1,0,1,0,0,0
2025-07-14 19:54:35,AMZN,1,0,1,0,0,1,1,1,1,0,0,0
2025-07-14 19:54:36,AMCR,0,0,1,0,0,1,0,0,1,0,0,0
2025-07-14 19:54:37,AEE,1,1,1,1,0,1,1,0,1,1,0,0
2025-07-14 19:54:37,AEP,1,0,1,0,0,0,1,0,1,1,0,0
2025-07-14 19:54:38,AXP,1,0,1,0,0,1,1,1,1,0,0,0
2025-07-14 19:54:39,AIG,1,1,1,0,0,1,1,0,1,1,0,0
2025-07-14 19:54:40,AMT,0,0,0,0,0,1,0,1,1,1,0,0
2025-07-14 19:54:40,AWK,0,0,0,0,0,1,0,1,1,0,0,0
2025-07-14 19:54:41,AMP,0,0,0,0,0,1,0,1,1,0,0,0
2025-07-14 19:54:42,AME,0,0,0,0,0,0,0,1,1,0,0,0
2025-07-14 19:54:42,AMGN,1,1,1,1,0,1,1,1,1,0,0,0
2025-07-14 19:54:43,APH,0,0,0,0,0,1,0,0,1,1,0,0
2025-07-14 19:54:44,ADI,0,0,0,0,0,1,0,1,1,0,0,0
2025-07-14 19:54:44,ANSS,1,0,1,0,0,0,1,1,1,1,1,0
2025-07-14 19:54:45,AON,1,0,1,1,0,1,1,1,1,1,0,0
2025-07-14 19:54:46,APA,1,0,0,0,0,1,1,0,1,1,0,0
2025-07-14 19:54:46,APO,0,0,0,0,0,1,0,1,1,1,0,0
2025-07-14 19:54:47,AAPL,0,0,0,0,0,0,0,1,1,1,0,0
2025-07-14 19:54:48,AMAT,0,0,0,0,0,1,0,1,1,1,0,0
2025-07-14 19:54:48,APTV,0,0,0,0,0,0,0,0,1,1,0,0
2025-07-14 19:54:49,ACGL,0,0,0,0,0,1,0,0,1,1,0,0
2025-07-14 19:54:49,ADM,1,0,1,0,0,1,1,0,1,1,0,0
2025-07-14 19:54:50,ANET,1,0,1,0,0,1,1,1,1,1,0,0
2025-07-14 19:54:51,AJG,1,0,1,1,0,1,1,1,1,0,0,0
2025-07-14 19:54:51,AIZ,1,1,1,1,0,1,1,1,1,1,0,1
2025-07-14 19:57:12,MMM,1,0,1,1,0,1,1,1,1,1,0,0
2025-07-14 19:57:13,AOS,0,0,0,0,0,1,0,0,1,0,0,0
2025-07-14 19:57:13,ABT,0,0,0,0,0,0,0,1,1,0,0,0
2025-07-14 19:57:14,ABBV,1,0,1,0,0,1,1,1,1,0,0,0
2025-07-14 19:57:14,ACN,1,0,0,0,0,1,1,1,1,0,0,0
2025-07-14 19:57:15,ADBE,1,0,0,0,0,1,1,1,1,1,0,0
2025-07-14 19:57:15,AMD,0,0,0,0,0,1,0,1,1,1,0,0
2025-07-14 19:57:16,AES,1,0,1,0,0,1,1,0,1,1,0,0
2025-07-14 22:26:26,MMM,1,0,1,1,0,1,1,1,1,1,0,0
2025-07-14 22:26:27,AOS,0,0,0,0,0,1,0,0,1,0,0,0
2025-07-14 22:26:27,ABT,0,0,0,0,0,0,0,1,1,0,0,0
2025-07-14 22:26:28,ABBV,1,0,1,0,0,1,1,1,1,0,0,0
2025-07-14 22:26:29,ACN,1,0,0,0,0,1,1,1,1,0,0,0
2025-07-14 22:26:30,ADBE,1,0,0,0,0,1,1,1,1,1,0,0
2025-07-14 22:26:30,AMD,0,0,0,0,0,1,0,1,1,1,0,0
2025-07-14 22:26:31,AES,1,0,1,0,0,1,1,0,1,1,0,0
2025-07-14 22:26:31,AFL,1,0,1,1,0,1,1,0,1,1,0,0
2025-07-14 22:26:32,A,0,0,0,0,0,0,0,1,1,1,0,0
2025-07-14 22:26:33,APD,0,0,0,0,0,1,0,1,1,0,0,0
2025-07-14 22:26:33,ABNB,0,0,0,0,0,1,0,1,1,1,0,0
2025-07-14 22:26:35,AKAM,0,0,0,0,0,0,0,0,1,1,0,0
2025-07-14 22:26:35,ALB,1,0,1,0,0,1,1,1,1,1,0,0
2025-07-14 22:26:36,ARE,0,0,0,0,0,0,0,1,1,1,0,0
2025-07-14 22:26:37,ALGN,0,0,0,0,0,0,0,1,1,1,0,0
2025-07-14 22:26:37,ALLE,0,0,0,0,0,0,0,1,1,0,0,0
2025-07-14 22:26:38,LNT,1,0,1,0,0,1,1,0,1,0,0,0
2025-07-14 22:26:39,ALL,1,0,1,1,0,1,1,1,1,1,0,0
2025-07-14 22:26:39,GOOGL,1,0,0,0,0,1,1,1,1,1,0,0
2025-07-14 22:26:40,GOOG,1,0,1,0,0,1,1,1,1,1,0,0
2025-07-14 22:26:40,MO,1,0,0,1,0,1,1,0,1,0,0,0
2025-07-14 22:26:41,AMZN,1,0,1,0,0,1,1,1,1,0,0,0
2025-07-14 22:26:42,AMCR,0,0,1,0,0,1,0,0,1,0,0,0
2025-07-14 22:26:42,AEE,1,1,1,1,0,1,1,0,1,1,0,0
2025-07-14 22:26:43,AEP,1,0,1,0,0,0,1,0,1,1,0,0
2025-07-14 22:26:44,AXP,1,0,1,0,0,1,1,1,1,0,0,0
2025-07-14 22:26:44,AIG,1,1,1,0,0,1,1,0,1,1,0,0
2025-07-14 22:26:45,AMT,0,0,0,0,0,1,0,1,1,1,0,0
2025-07-14 22:26:46,AWK,0,0,0,0,0,1,0,1,1,0,0,0
2025-07-14 22:26:46,AMP,0,0,0,0,0,1,0,1,1,0,0,0
2025-07-14 22:26:47,AME,0,0,0,0,0,0,0,1,1,0,0,0
2025-07-14 22:26:48,AMGN,1,1,1,1,0,1,1,1,1,0,0,0
2025-07-14 22:26:48,APH,0,0,0,0,0,1,0,0,1,1,0,0
2025-07-14 22:26:49,ADI,0,0,0,0,0,1,0,1,1,0,0,0
2025-07-14 22:26:50,ANSS,1,0,1,0,0,0,1,1,1,1,1,0
2025-07-14 22:26:50,AON,1,0,1,1,0,1,1,1,1,1,0,0
2025-07-14 22:26:51,APA,1,0,0,0,0,1,1,0,1,1,0,0
2025-07-14 22:26:52,APO,0,0,0,0,0,1,0,1,1,1,0,0
2025-07-14 22:26:52,AAPL,0,0,0,0,0,0,0,1,1,1,0,0
2025-07-14 22:26:53,AMAT,0,0,0,0,0,1,0,1,1,1,0,0
2025-07-14 22:26:54,APTV,0,0,0,0,0,0,0,0,1,1,0,0
2025-07-14 22:26:54,ACGL,0,0,0,0,0,1,0,0,1,1,0,0
2025-07-14 22:26:55,ADM,1,0,1,0,0,1,1,0,1,1,0,0
2025-07-14 22:26:55,ANET,1,0,1,0,0,1,1,1,1,1,0,0
2025-07-14 22:26:56,AJG,1,0,1,1,0,1,1,1,1,0,0,0
2025-07-14 22:26:57,AIZ,1,1,1,1,0,1,1,1,1,1,0,1
2025-07-14 22:39:48,MMM,1,0,1,1,0,1,1,1,1,1,0,0
2025-07-14 22:39:48,AOS,0,0,0,0,0,1,0,0,1,0,0,0
2025-07-14 22:39:49,ABT,0,0,0,0,0,0,0,1,1,0,0,0
2025-07-14 22:39:50,ABBV,1,0,1,0,0,1,1,1,1,0,0,0
2025-07-14 22:39:50,ACN,1,0,0,0,0,1,1,1,1,0,0,0
2025-07-14 22:39:51,ADBE,1,0,0,0,0,1,1,1,1,1,0,0
2025-07-14 22:39:51,AMD,0,0,0,0,0,1,0,1,1,1,0,0
2025-07-14 22:39:52,AES,1,0,1,0,0,1,1,0,1,1,0,0
2025-07-14 22:39:53,AFL,1,0,1,1,0,1,1,0,1,1,0,0
2025-07-14 22:39:53,A,0,0,0,0,0,0,0,1,1,1,0,0
2025-07-14 22:39:54,APD,0,0,0,0,0,1,0,1,1,0,0,0
2025-07-14 22:39:55,ABNB,0,0,0,0,0,1,0,1,1,1,0,0
2025-07-14 22:39:55,AKAM,0,0,0,0,0,0,0,0,1,1,0,0
2025-07-14 22:39:56,ALB,1,0,1,0,0,1,1,1,1,1,0,0
2025-07-14 22:39:57,ARE,0,0,0,0,0,0,0,1,1,1,0,0
2025-07-14 22:39:57,ALGN,0,0,0,0,0,0,0,1,1,1,0,0
2025-07-14 22:39:58,ALLE,0,0,0,0,0,0,0,1,1,0,0,0
2025-07-14 22:39:58,LNT,1,0,1,0,0,1,1,0,1,0,0,0
2025-07-14 22:39:59,ALL,1,0,1,1,0,1,1,1,1,1,0,0
2025-07-14 22:40:00,GOOGL,1,0,0,0,0,1,1,1,1,1,0,0
2025-07-14 22:40:00,GOOG,1,0,1,0,0,1,1,1,1,1,0,0
2025-07-14 22:40:01,MO,1,0,0,1,0,1,1,0,1,0,0,0
2025-07-14 22:40:01,AMZN,1,0,1,0,0,1,1,1,1,0,0,0
2025-07-14 22:40:02,AMCR,0,0,1,0,0,1,0,0,1,0,0,0
2025-07-14 22:40:03,AEE,1,1,1,1,0,1,1,0,1,1,0,0
2025-07-14 22:40:04,AEP,1,0,1,0,0,0,1,0,1,1,0,0
2025-07-14 22:40:04,AXP,1,0,1,0,0,1,1,1,1,0,0,0
2025-07-14 22:40:33,MMM,1,0,1,1,0,1,1,1,1,1,0,0
2025-07-14 22:40:35,AOS,0,0,0,0,0,1,0,0,1,0,0,0
2025-07-14 22:40:35,ABT,0,0,0,0,0,0,0,1,1,0,0,0
2025-07-14 22:40:36,ABBV,1,0,1,0,0,1,1,1,1,0,0,0
2025-07-14 22:40:37,ACN,0,0,0,0,0,1,0,1,1,0,0,0
2025-07-14 22:40:38,ADBE,1,0,0,0,0,1,1,1,1,1,0,0
2025-07-14 22:40:38,AMD,0,0,0,0,0,1,0,1,1,1,0,0
2025-07-14 22:40:39,AES,1,0,1,1,0,1,1,0,1,1,0,0
2025-07-14 22:40:40,AFL,1,0,1,1,0,1,1,0,1,1,0,0
2025-07-14 22:40:40,A,0,0,0,0,0,0,0,1,1,1,0,0
2025-07-14 22:40:41,APD,0,0,0,0,0,0,0,1,1,0,0,0
2025-07-14 22:40:42,ABNB,0,0,0,0,0,1,0,1,1,1,0,0
2025-07-14 22:40:43,AKAM,0,0,0,0,0,0,0,0,1,1,0,0
2025-07-14 22:40:43,ALB,1,0,1,0,0,1,1,1,1,1,0,0
2025-07-14 22:40:44,ARE,0,0,0,0,0,0,0,1,1,1,0,0
2025-07-14 22:40:45,ALGN,0,0,0,0,0,0,0,1,1,1,0,0
2025-07-14 22:40:45,ALLE,0,0,0,0,0,0,0,1,1,0,0,0
2025-07-14 22:40:46,LNT,1,0,1,0,0,1,1,0,1,0,0,0
2025-07-14 22:40:47,ALL,1,0,1,1,0,1,1,1,1,1,0,0
2025-07-14 22:40:47,GOOGL,0,0,0,0,0,1,0,1,1,1,0,0
2025-07-14 22:40:48,GOOG,1,0,1,0,0,1,1,1,1,1,0,0
2025-07-14 22:40:49,MO,1,0,0,1,0,1,1,0,1,0,0,0
2025-07-14 22:40:50,AMZN,1,0,1,1,0,1,1,1,1,0,0,0
2025-07-14 22:40:50,AMCR,0,0,1,0,0,1,0,0,1,0,0,0
2025-07-14 22:40:51,AEE,1,1,1,1,0,1,1,0,1,1,0,0
2025-07-14 22:40:52,AEP,1,0,1,0,0,0,1,0,1,1,0,0
2025-07-14 22:40:52,AXP,1,0,1,0,0,1,1,1,1,0,0,0
2025-07-14 22:40:53,AIG,1,1,1,0,0,1,1,0,1,1,0,0
2025-07-14 22:40:54,AMT,0,0,0,0,0,1,0,1,1,1,0,0
2025-07-14 22:40:54,AWK,0,0,0,0,0,1,0,1,1,0,0,0
2025-07-14 22:40:55,AMP,0,0,0,0,0,1,0,1,1,0,0,0
2025-07-14 22:40:56,AME,0,0,0,0,0,0,0,1,1,0,0,0
2025-07-14 22:40:57,AMGN,1,1,1,1,0,1,1,1,1,0,0,0
2025-07-14 22:40:57,APH,0,0,0,0,0,1,0,0,1,1,0,0
2025-07-14 22:40:58,ADI,0,0,0,0,0,1,0,1,1,0,0,0
2025-07-14 22:40:59,ANSS,1,0,1,0,0,0,1,1,1,1,1,0
2025-07-14 22:40:59,AON,1,0,1,1,0,1,1,1,1,1,0,0
2025-07-14 22:41:00,APA,1,0,0,0,0,1,1,0,1,1,0,0
2025-07-14 22:41:01,APO,0,0,0,0,0,1,0,1,1,1,0,0
2025-07-14 22:41:02,AAPL,0,0,0,0,0,0,0,1,1,1,0,0
2025-07-14 22:41:03,AMAT,0,0,0,0,0,1,0,1,1,1,0,0
2025-07-14 22:41:03,APTV,0,0,0,0,0,0,0,0,1,1,0,0
2025-07-14 22:41:04,ACGL,0,0,0,0,0,1,0,0,1,1,0,0
2025-07-14 22:41:05,ADM,1,0,1,1,0,1,1,0,1,1,0,0
2025-07-14 22:41:05,ANET,1,0,1,0,0,1,1,1,1,1,0,0
2025-07-14 22:41:06,AJG,1,0,1,1,0,1,1,1,1,0,0,0
2025-07-14 22:41:07,AIZ,1,1,1,1,0,1,1,1,1,1,0,1
2025-07-14 22:49:09,MMM,1,0,1,1,0,1,1,1,1,1,0,0
2025-07-14 22:49:09,AOS,0,0,0,0,0,1,0,0,1,0,0,0
2025-07-14 22:49:10,ABT,0,0,0,0,0,0,0,1,1,0,0,0
2025-07-14 22:49:11,ABBV,1,0,1,0,0,1,1,1,1,0,0,0
2025-07-14 22:49:12,ACN,0,0,0,0,0,1,0,1,1,0,0,0
2025-07-14 22:49:12,ADBE,1,0,0,0,0,1,1,1,1,1,0,0
2025-07-14 22:49:13,AMD,0,0,0,0,0,1,0,1,1,1,0,0
2025-07-14 22:49:14,AES,1,0,1,1,0,1,1,0,1,1,0,0
2025-07-14 22:49:15,AFL,1,0,1,1,0,1,1,0,1,1,0,0
2025-07-14 22:49:15,A,0,0,0,0,0,0,0,1,1,1,0,0
2025-07-14 22:49:16,APD,0,0,0,0,0,0,0,1,1,0,0,0
2025-07-14 22:49:17,ABNB,0,0,0,0,0,1,0,1,1,1,0,0
2025-07-14 22:49:17,AKAM,0,0,0,0,0,0,0,0,1,1,0,0
2025-07-14 22:49:18,ALB,1,0,1,0,0,1,1,1,1,1,0,0
2025-07-14 22:49:19,ARE,0,0,0,0,0,0,0,1,1,1,0,0
2025-07-14 22:49:19,ALGN,0,0,0,0,0,0,0,1,1,1,0,0
2025-07-14 22:49:20,ALLE,0,0,0,0,0,0,0,1,1,0,0,0
2025-07-14 22:49:21,LNT,1,0,1,0,0,1,1,0,1,0,0,0
2025-07-14 22:49:21,ALL,1,0,1,1,0,1,1,1,1,1,0,0
2025-07-14 22:49:22,GOOGL,0,0,0,0,0,1,0,1,1,1,0,0
2025-07-14 22:49:22,GOOG,1,0,1,0,0,1,1,1,1,1,0,0
2025-07-14 22:49:23,MO,1,0,0,1,0,1,1,0,1,0,0,0
2025-07-14 22:49:24,AMZN,1,0,1,1,0,1,1,1,1,0,0,0
2025-07-14 22:49:24,AMCR,0,0,1,0,0,1,0,0,1,0,0,0
2025-07-14 22:49:25,AEE,1,1,1,1,0,1,1,0,1,1,0,0
2025-07-14 22:49:26,AEP,1,0,1,0,0,0,1,0,1,1,0,0
2025-07-14 22:49:26,AXP,1,0,1,0,0,1,1,1,1,0,0,0
2025-07-14 22:49:27,AIG,1,1,1,0,0,1,1,0,1,1,0,0
2025-07-14 22:49:27,AMT,0,0,0,0,0,1,0,1,1,1,0,0
2025-07-14 22:49:28,AWK,0,0,0,0,0,1,0,1,1,0,0,0
2025-07-14 22:49:29,AMP,0,0,0,0,0,1,0,1,1,0,0,0
2025-07-14 22:49:29,AME,0,0,0,0,0,0,0,1,1,0,0,0
2025-07-14 22:49:30,AMGN,1,1,1,1,0,1,1,1,1,0,0,0
2025-07-14 22:49:30,APH,0,0,0,0,0,1,0,0,1,1,0,0
2025-07-14 22:49:31,ADI,0,0,0,0,0,1,0,1,1,0,0,0
2025-07-14 22:49:32,ANSS,1,0,1,0,0,0,1,1,1,1,1,0
2025-07-14 22:49:33,AON,1,0,1,1,0,1,1,1,1,1,0,0
2025-07-14 22:49:33,APA,1,0,0,0,0,1,1,0,1,1,0,0
2025-07-14 22:49:34,APO,0,0,0,0,0,1,0,1,1,1,0,0
2025-07-14 22:49:35,AAPL,0,0,0,0,0,0,0,1,1,1,0,0
2025-07-14 22:49:36,AMAT,0,0,0,0,0,1,0,1,1,1,0,0
2025-07-14 22:49:36,APTV,0,0,0,0,0,0,0,0,1,1,0,0
2025-07-14 22:49:37,ACGL,0,0,0,0,0,1,0,0,1,1,0,0
2025-07-14 22:49:38,ADM,1,0,1,1,0,1,1,0,1,1,0,0
2025-07-14 22:49:38,ANET,1,0,1,0,0,1,1,1,1,1,0,0
2025-07-14 22:49:39,AJG,1,0,1,1,0,1,1,1,1,0,0,0
2025-07-14 22:49:40,AIZ,1,1,1,1,0,1,1,1,1,1,0,1
2025-07-14 22:52:21,MMM,1,0,1,1,0,1,1,1,1,1,0,0
2025-07-14 22:52:22,AOS,0,0,0,0,0,1,0,0,1,0,0,0
2025-07-14 22:52:23,ABT,0,0,0,0,0,0,0,1,1,0,0,0
2025-07-14 22:52:23,ABBV,1,0,1,0,0,1,1,1,1,0,0,0
2025-07-14 22:52:24,ACN,0,0,0,0,0,1,0,1,1,0,0,0
2025-07-14 22:52:25,ADBE,1,0,0,0,0,1,1,1,1,1,0,0
2025-07-14 22:52:25,AMD,0,0,0,0,0,1,0,1,1,1,0,0
2025-07-14 22:52:26,AES,1,0,1,1,0,1,1,0,1,1,0,0
2025-07-14 22:52:27,AFL,1,0,1,1,0,1,1,0,1,1,0,0
2025-07-14 22:52:27,A,0,0,0,0,0,0,0,1,1,1,0,0
2025-07-14 22:52:28,APD,0,0,0,0,0,0,0,1,1,0,0,0
2025-07-14 22:52:29,ABNB,0,0,0,0,0,1,0,1,1,1,0,0
2025-07-14 22:52:30,AKAM,0,0,0,0,0,0,0,0,1,1,0,0
2025-07-14 22:52:30,ALB,1,0,1,0,0,1,1,1,1,1,0,0
2025-07-14 22:52:31,ARE,0,0,0,0,0,0,0,1,1,1,0,0
2025-07-14 22:52:32,ALGN,0,0,0,0,0,0,0,1,1,1,0,0
2025-07-14 22:52:32,ALLE,0,0,0,0,0,0,0,1,1,0,0,0
2025-07-14 22:52:33,LNT,1,0,1,0,0,1,1,0,1,0,0,0
2025-07-14 22:52:34,ALL,1,0,1,1,0,1,1,1,1,1,0,0
2025-07-14 22:52:34,GOOGL,0,0,0,0,0,1,0,1,1,1,0,0
2025-07-14 22:52:35,GOOG,1,0,1,0,0,1,1,1,1,1,0,0
2025-07-14 22:52:36,MO,1,0,0,1,0,1,1,0,1,0,0,0
2025-07-14 22:52:36,AMZN,1,0,1,1,0,1,1,1,1,0,0,0
2025-07-14 22:52:37,AMCR,0,0,1,0,0,1,0,0,1,0,0,0
2025-07-14 22:52:38,AEE,1,1,1,1,0,1,1,0,1,1,0,0
2025-07-14 22:52:38,AEP,1,0,1,0,0,0,1,0,1,1,0,0
2025-07-14 22:52:39,AXP,1,0,1,0,0,1,1,1,1,0,0,0
2025-07-14 22:52:40,AIG,1,1,1,0,0,1,1,0,1,1,0,0
2025-07-14 22:52:41,AMT,0,0,0,0,0,1,0,1,1,1,0,0
2025-07-14 22:52:41,AWK,0,0,0,0,0,1,0,1,1,0,0,0
2025-07-14 22:52:42,AMP,0,0,0,0,0,1,0,1,1,0,0,0
2025-07-14 22:52:43,AME,0,0,0,0,0,0,0,1,1,0,0,0
2025-07-14 22:52:43,AMGN,1,1,1,1,0,1,1,1,1,0,0,0
2025-07-14 22:52:44,APH,0,0,0,0,0,1,0,0,1,1,0,0
2025-07-14 22:52:45,ADI,0,0,0,0,0,1,0,1,1,0,0,0
2025-07-14 22:52:46,ANSS,1,0,1,0,0,0,1,1,1,1,1,0
2025-07-14 22:52:46,AON,1,0,1,1,0,1,1,1,1,1,0,0
2025-07-14 22:52:47,APA,1,0,0,0,0,1,1,0,1,1,0,0
2025-07-14 22:52:48,APO,0,0,0,0,0,1,0,1,1,1,0,0
2025-07-14 22:52:48,AAPL,0,0,0,0,0,0,0,1,1,1,0,0
2025-07-14 22:52:49,AMAT,0,0,0,0,0,1,0,1,1,1,0,0
2025-07-14 22:52:50,APTV,0,0,0,0,0,0,0,0,1,1,0,0
2025-07-14 22:52:50,ACGL,0,0,0,0,0,1,0,0,1,1,0,0
2025-07-14 22:52:51,ADM,1,0,1,1,0,1,1,0,1,1,0,0
2025-07-14 22:52:52,ANET,1,0,1,0,0,1,1,1,1,1,0,0
2025-07-14 22:52:53,AJG,1,0,1,1,0,1,1,1,1,0,0,0
2025-07-14 22:52:53,AIZ,1,1,1,1,0,1,1,1,1,1,0,1
2025-07-14 22:52:54,T,0,0,0,0,0,0,0,0,1,1,0,0
2025-07-14 22:52:55,ATO,0,0,0,0,0,0,0,1,1,1,0,0
2025-07-14 22:52:56,ADSK,0,0,0,0,0,1,0,1,1,1,1,0
2025-07-14 22:52:56,ADP,0,0,0,0,0,1,0,1,1,0,0,0
2025-07-14 22:52:57,AZO,1,0,0,0,0,1,1,1,1,1,0,0
2025-07-14 22:52:58,AVB,1,0,1,0,0,0,1,1,1,0,0,0
2025-07-14 22:52:59,AVY,1,0,1,0,0,0,1,1,1,0,0,0
2025-07-14 22:52:59,AXON,0,0,0,0,0,1,0,1,1,1,0,0
2025-07-14 22:53:00,BKR,0,0,0,0,0,0,0,0,1,1,0,0
2025-07-14 22:53:01,BALL,1,0,1,1,0,1,1,0,1,0,0,0
2025-07-14 22:53:01,BAC,1,0,1,1,0,1,1,0,1,0,0,0
2025-07-14 22:53:02,BAX,0,0,0,0,0,0,0,0,1,1,0,0
2025-07-14 22:53:03,BDX,1,0,0,0,0,1,1,1,1,1,0,0
2025-07-14 22:53:04,BRK-B,0,0,0,0,0,0,0,1,0,0,0,0
2025-07-14 22:53:04,BBY,1,1,1,0,0,1,1,1,1,1,0,0
2025-07-14 22:53:05,TECH,0,0,0,0,0,0,0,1,1,1,0,0
2025-07-14 22:53:06,BIIB,0,0,0,0,0,0,0,1,1,0,0,0
2025-07-14 22:53:06,BLK,1,1,1,1,0,1,1,1,1,0,0,0
2025-07-14 22:53:07,BX,1,0,1,0,0,1,1,1,1,1,0,0
2025-07-14 22:53:08,BK,1,1,1,1,0,1,1,0,1,1,0,0
2025-07-14 22:53:09,BA,1,0,1,0,0,1,1,1,1,1,1,0
2025-07-14 22:53:09,BKNG,1,0,0,1,0,1,1,1,1,0,0,0
2025-07-14 22:53:10,BSX,0,0,0,0,0,0,0,0,1,1,0,0
2025-07-14 22:53:11,BMY,0,0,0,0,0,0,0,0,1,1,0,0
2025-07-14 22:53:11,AVGO,0,0,0,0,0,1,0,1,1,1,0,0
2025-07-14 22:53:12,BR,0,0,0,0,0,1,0,1,1,1,0,0
2025-07-14 22:53:13,BRO,1,0,0,0,0,1,1,0,1,1,0,0
2025-07-14 22:53:14,BF-B,0,0,0,0,0,0,0,0,0,1,0,0
2025-07-14 22:53:14,BLDR,0,0,0,0,0,1,0,1,1,1,0,0
2025-07-14 22:53:15,BG,1,0,1,0,0,1,1,1,1,1,0,0
2025-07-14 22:53:16,BXP,1,0,1,0,0,1,1,0,1,0,0,0
2025-07-14 22:53:16,CHRW,0,0,0,0,0,0,0,1,1,1,0,0
2025-07-14 22:53:17,CDNS,1,0,1,0,0,1,1,1,1,1,0,0
2025-07-14 22:53:18,CZR,1,1,1,0,0,1,1,0,1,1,0,0
2025-07-14 22:53:18,CPT,1,0,1,0,0,0,1,1,1,0,0,0
2025-07-14 22:53:19,CPB,1,0,0,0,0,0,1,0,1,1,0,0
2025-07-14 22:53:20,COF,1,1,1,1,0,1,1,1,1,0,0,0
2025-07-14 22:53:21,CAH,1,0,1,0,0,1,1,1,1,0,0,0
2025-07-14 22:53:21,KMX,1,0,1,0,0,0,1,1,1,1,0,0
2025-07-14 22:53:22,CCL,1,0,1,0,0,1,1,0,1,1,0,0
2025-07-14 22:53:23,CARR,1,0,0,0,0,1,1,0,1,0,0,0
2025-07-14 22:53:24,CAT,1,0,1,0,0,1,1,1,1,0,0,0
2025-07-14 22:53:24,CBOE,0,0,0,0,0,0,0,1,1,1,0,0
2025-07-14 22:53:25,CBRE,0,0,0,0,0,0,0,1,1,0,0,0
2025-07-14 22:53:26,CDW,0,0,0,0,0,0,0,1,1,1,0,0
2025-07-14 22:53:26,COR,1,1,1,0,0,1,1,1,1,0,0,0
2025-07-14 22:53:27,CNC,0,0,0,0,0,0,0,1,1,1,0,0
2025-07-14 22:53:28,CNP,1,0,1,0,0,1,1,0,1,0,0,0
2025-07-14 22:53:29,CF,0,0,0,0,0,0,0,1,1,1,0,0
2025-07-14 22:53:29,CRL,0,0,0,0,0,0,0,1,1,1,0,0
2025-07-14 22:53:30,SCHW,0,0,0,0,0,1,0,0,1,1,0,0
2025-07-14 22:53:31,CHTR,1,0,0,0,0,1,1,1,1,1,0,0
2025-07-14 22:53:31,CVX,0,0,0,0,0,0,0,1,1,1,0,0
2025-07-14 22:53:32,CMG,1,0,1,0,0,1,1,0,1,1,0,0
2025-07-14 22:53:33,CB,1,0,1,0,0,1,1,1,1,0,0,0
2025-07-14 22:53:34,CHD,0,0,0,0,0,1,0,0,1,0,0,0
2025-07-14 22:53:34,CI,1,0,1,0,0,1,1,1,1,0,0,0
2025-07-14 22:53:35,CINF,1,0,0,0,0,1,1,1,1,1,0,0
2025-07-14 22:53:36,CTAS,1,0,0,0,0,1,1,1,1,0,0,0
2025-07-14 22:53:36,CSCO,1,0,0,0,0,1,1,0,1,0,0,0
2025-07-14 22:53:37,C,1,0,1,1,0,1,1,0,1,1,0,0
2025-07-14 22:53:38,CFG,1,0,1,1,0,1,1,0,1,0,0,0
2025-07-14 22:53:39,CLX,1,1,1,1,0,1,1,1,1,1,0,1
2025-07-14 22:53:39,CME,0,0,0,0,0,0,0,1,1,0,0,0
2025-07-14 22:53:40,CMS,1,0,1,1,0,1,1,0,1,0,0,0
2025-07-14 22:53:41,KO,1,0,1,0,0,0,1,0,1,0,0,0
2025-07-14 22:53:42,CTSH,0,0,0,0,0,1,0,0,1,0,0,0
2025-07-14 22:53:42,COIN,0,0,0,0,0,1,0,1,1,1,1,0
2025-07-14 22:53:43,CL,0,0,0,0,0,1,0,0,1,1,0,0
2025-07-14 22:53:44,CMCSA,1,0,0,0,0,1,1,0,1,1,0,0
2025-07-14 22:53:44,CAG,0,0,0,0,0,0,0,0,1,1,0,0
2025-07-14 22:53:45,COP,0,0,0,0,0,0,0,1,1,1,0,0
2025-07-14 22:53:46,ED,1,0,0,0,0,0,1,0,1,1,0,0
2025-07-14 22:53:47,STZ,0,0,0,0,0,0,0,1,1,1,0,0
2025-07-14 22:53:47,CEG,1,1,0,1,0,1,1,1,1,1,0,0
2025-07-14 22:53:48,COO,0,0,0,0,0,0,0,0,1,1,0,0
2025-07-14 22:53:49,CPRT,0,0,0,0,0,0,0,0,1,1,0,0
2025-07-14 22:53:49,GLW,1,0,0,0,0,1,1,0,1,1,0,0
2025-07-14 22:53:50,CPAY,0,0,0,0,0,0,0,1,1,1,0,0
2025-07-14 22:53:51,CTVA,0,0,1,0,0,0,0,0,1,1,0,0
2025-07-14 22:53:52,CSGP,0,0,0,0,0,0,0,0,1,1,0,0
2025-07-14 22:53:52,COST,1,1,1,1,0,1,1,1,1,0,0,0
2025-07-14 22:53:53,CTRA,0,0,0,0,0,0,0,0,1,1,0,0
2025-07-14 22:53:53,CRWD,1,0,0,0,0,1,1,1,1,1,0,0
2025-07-14 22:53:54,CCI,1,0,0,0,0,1,1,1,1,1,0,0
2025-07-14 22:53:55,CSX,0,0,0,0,0,1,0,0,1,1,0,0
2025-07-14 22:53:56,CMI,0,0,0,0,0,1,0,1,1,1,0,0
2025-07-14 22:53:56,CVS,0,0,0,0,0,0,0,0,1,0,0,0
2025-07-14 22:53:57,DHR,0,0,0,0,0,0,0,1,1,1,0,0
2025-07-14 22:53:58,DRI,0,0,0,0,0,0,0,1,1,0,0,0
2025-07-14 22:53:59,DDOG,0,0,0,0,0,0,0,1,1,1,0,0
2025-07-14 22:53:59,DVA,0,0,0,0,0,0,0,1,1,1,0,0
2025-07-14 22:54:00,DAY,0,0,0,0,0,0,0,0,1,1,0,0
2025-07-14 22:54:01,DECK,0,0,0,0,0,0,0,1,1,1,0,0
2025-07-14 22:54:01,DE,1,0,1,0,0,1,1,1,1,1,0,0
2025-07-14 22:54:02,DELL,0,0,0,0,0,1,0,1,1,1,0,0
2025-07-14 22:54:03,DAL,1,0,0,0,0,1,1,1,1,1,0,0
2025-07-14 22:54:03,DVN,0,0,0,0,0,0,0,0,1,1,0,0
2025-07-14 22:54:04,DXCM,1,0,1,0,0,1,1,1,1,1,0,0
2025-07-14 22:54:05,FANG,1,0,0,0,0,1,1,1,1,1,0,0
2025-07-14 22:54:05,DLR,0,0,0,0,0,1,0,1,1,1,0,0
2025-07-14 22:54:06,DG,1,0,0,0,0,1,1,1,1,1,0,0
2025-07-14 22:54:07,DLTR,1,1,1,1,0,1,1,1,1,1,0,1
2025-07-14 22:54:07,D,1,0,0,0,0,1,1,0,1,1,0,0
2025-07-14 22:54:08,DPZ,1,0,1,1,0,1,1,1,1,1,0,0
2025-07-14 22:54:09,DASH,1,0,0,0,0,1,1,1,1,1,0,0
2025-07-14 22:54:10,DOV,0,0,0,0,0,1,0,1,1,1,0,0
2025-07-14 22:54:10,DOW,0,0,1,0,0,0,0,0,1,1,0,0
2025-07-14 22:54:11,DHI,1,1,1,0,0,1,1,1,1,1,0,0
2025-07-14 22:54:12,DTE,1,0,1,0,0,0,1,1,1,1,0,0
2025-07-14 22:54:12,DUK,1,0,1,1,0,1,1,0,1,1,0,0
2025-07-14 22:54:13,DD,1,0,1,0,0,1,1,0,1,1,0,0
2025-07-14 22:54:14,EMN,0,0,0,0,0,0,0,1,1,1,0,0
2025-07-14 22:54:14,ETN,1,0,1,0,0,1,1,1,1,0,0,0
2025-07-14 22:54:15,EBAY,1,0,1,0,0,0,1,0,1,0,0,0
2025-07-14 22:54:16,ECL,1,0,1,0,0,1,1,1,1,0,0,0
2025-07-14 22:54:16,EIX,1,0,1,0,0,1,1,0,1,1,0,0
2025-07-14 23:03:43,MMM,1,0,1,1,0,1,1,1,1,1,0,0
2025-07-14 23:03:43,AOS,0,0,0,0,0,1,0,0,1,0,0,0
2025-07-14 23:03:44,ABT,0,0,0,0,0,0,0,1,1,0,0,0
2025-07-14 23:03:45,ABBV,1,0,1,0,0,1,1,1,1,0,0,0
2025-07-14 23:03:46,ACN,0,0,0,0,0,1,0,1,1,0,0,0
2025-07-14 23:03:46,ADBE,1,0,0,0,0,1,1,1,1,1,0,0
2025-07-14 23:03:47,AMD,0,0,0,0,0,1,0,1,1,1,0,0
2025-07-14 23:03:47,AES,1,0,1,1,0,1,1,0,1,1,0,0
2025-07-14 23:03:48,AFL,1,0,1,1,0,1,1,0,1,1,0,0
2025-07-14 23:03:49,A,0,0,0,0,0,0,0,1,1,1,0,0
2025-07-14 23:03:49,APD,0,0,0,0,0,0,0,1,1,0,0,0
2025-07-14 23:03:50,ABNB,0,0,0,0,0,1,0,1,1,1,0,0
2025-07-14 23:03:51,AKAM,0,0,0,0,0,0,0,0,1,1,0,0
2025-07-14 23:03:51,ALB,1,0,1,0,0,1,1,1,1,1,0,0
2025-07-14 23:03:52,ARE,0,0,0,0,0,0,0,1,1,1,0,0
2025-07-14 23:03:53,ALGN,0,0,0,0,0,0,0,1,1,1,0,0
2025-07-14 23:03:53,ALLE,0,0,0,0,0,0,0,1,1,0,0,0
2025-07-14 23:03:54,LNT,1,0,1,0,0,1,1,0,1,0,0,0
2025-07-14 23:03:55,ALL,1,0,1,1,0,1,1,1,1,1,0,0
2025-07-14 23:03:55,GOOGL,0,0,0,0,0,1,0,1,1,1,0,0
2025-07-14 23:03:56,GOOG,1,0,1,0,0,1,1,1,1,1,0,0
2025-07-14 23:03:57,MO,1,0,0,1,0,1,1,0,1,0,0,0
2025-07-14 23:03:57,AMZN,1,0,1,1,0,1,1,1,1,0,0,0
2025-07-14 23:03:58,AMCR,0,0,1,0,0,1,0,0,1,0,0,0
2025-07-14 23:03:59,AEE,1,1,1,1,0,1,1,0,1,1,0,0
2025-07-14 23:04:00,AEP,1,0,1,0,0,0,1,0,1,1,0,0
2025-07-14 23:04:00,AXP,1,0,1,0,0,1,1,1,1,0,0,0
2025-07-14 23:04:01,AIG,1,1,1,0,0,1,1,0,1,1,0,0
2025-07-14 23:04:02,AMT,0,0,0,0,0,1,0,1,1,1,0,0
2025-07-14 23:04:02,AWK,0,0,0,0,0,1,0,1,1,0,0,0
2025-07-14 23:04:03,AMP,0,0,0,0,0,1,0,1,1,0,0,0
2025-07-14 23:04:04,AME,0,0,0,0,0,0,0,1,1,0,0,0
2025-07-14 23:04:05,AMGN,1,1,1,1,0,1,1,1,1,0,0,0
2025-07-14 23:04:05,APH,0,0,0,0,0,1,0,0,1,1,0,0
2025-07-14 23:04:06,ADI,0,0,0,0,0,1,0,1,1,0,0,0
2025-07-14 23:04:07,ANSS,1,0,1,0,0,0,1,1,1,1,1,0
2025-07-14 23:04:08,AON,1,0,1,1,0,1,1,1,1,1,0,0
2025-07-14 23:04:08,APA,1,0,0,0,0,1,1,0,1,1,0,0
2025-07-14 23:04:09,APO,0,0,0,0,0,1,0,1,1,1,0,0
2025-07-14 23:04:10,AAPL,0,0,0,0,0,0,0,1,1,1,0,0
2025-07-14 23:04:10,AMAT,0,0,0,0,0,1,0,1,1,1,0,0
2025-07-14 23:04:11,APTV,0,0,0,0,0,0,0,0,1,1,0,0
2025-07-14 23:04:12,ACGL,0,0,0,0,0,1,0,0,1,1,0,0
2025-07-14 23:04:13,ADM,1,0,1,1,0,1,1,0,1,1,0,0
2025-07-14 23:04:13,ANET,1,0,1,0,0,1,1,1,1,1,0,0
2025-07-14 23:04:14,AJG,1,0,1,1,0,1,1,1,1,0,0,0
2025-07-14 23:04:15,AIZ,1,1,1,1,0,1,1,1,1,1,0,1
2025-07-14 23:04:15,T,0,0,0,0,0,0,0,0,1,1,0,0
2025-07-14 23:04:16,ATO,0,0,0,0,0,0,0,1,1,1,0,0
2025-07-14 23:04:17,ADSK,0,0,0,0,0,1,0,1,1,1,1,0
2025-07-14 23:04:17,ADP,0,0,0,0,0,1,0,1,1,0,0,0
2025-07-14 23:04:18,AZO,1,0,0,0,0,1,1,1,1,1,0,0
2025-07-14 23:04:19,AVB,1,0,1,0,0,0,1,1,1,0,0,0
2025-07-14 23:04:19,AVY,1,0,1,0,0,0,1,1,1,0,0,0
2025-07-14 23:04:20,AXON,0,0,0,0,0,1,0,1,1,1,0,0
2025-07-14 23:04:21,BKR,0,0,0,0,0,0,0,0,1,1,0,0
2025-07-14 23:04:21,BALL,1,0,1,1,0,1,1,0,1,0,0,0
2025-07-14 23:04:22,BAC,1,0,1,1,0,1,1,0,1,0,0,0
2025-07-14 23:04:23,BAX,0,0,0,0,0,0,0,0,1,1,0,0
2025-07-14 23:04:24,BDX,1,0,0,0,0,1,1,1,1,1,0,0
2025-07-14 23:04:24,BRK-B,0,0,0,0,0,0,0,1,0,0,0,0
2025-07-14 23:04:25,BBY,1,1,1,0,0,1,1,1,1,1,0,0
2025-07-14 23:04:26,TECH,0,0,0,0,0,0,0,1,1,1,0,0
2025-07-14 23:04:26,BIIB,0,0,0,0,0,0,0,1,1,0,0,0
2025-07-14 23:11:10,MMM,1,0,1,1,0,1,1,1,1,1,0,0
2025-07-14 23:11:10,AOS,0,0,0,0,0,1,0,0,1,0,0,0
2025-07-14 23:11:11,ABT,0,0,0,0,0,0,0,1,1,0,0,0
2025-07-14 23:11:11,ABBV,1,0,1,0,0,1,1,1,1,0,0,0
2025-07-14 23:11:12,ACN,0,0,0,0,0,1,0,1,1,0,0,0
2025-07-14 23:11:13,ADBE,1,0,0,0,0,1,1,1,1,1,0,0
2025-07-14 23:11:13,AMD,0,0,0,0,0,1,0,1,1,1,0,0
2025-07-14 23:11:14,AES,1,0,1,1,0,1,1,0,1,1,0,0
2025-07-14 23:11:14,AFL,1,0,1,1,0,1,1,0,1,1,0,0
2025-07-14 23:11:15,A,0,0,0,0,0,0,0,1,1,1,0,0
2025-07-14 23:11:16,APD,0,0,0,0,0,0,0,1,1,0,0,0
2025-07-14 23:11:16,ABNB,0,0,0,0,0,1,0,1,1,1,0,0
2025-07-14 23:11:17,AKAM,0,0,0,0,0,0,0,0,1,1,0,0
2025-07-14 23:11:17,ALB,1,0,1,0,0,1,1,1,1,1,0,0
2025-07-14 23:11:18,ARE,0,0,0,0,0,0,0,1,1,1,0,0
2025-07-14 23:11:19,ALGN,0,0,0,0,0,0,0,1,1,1,0,0
2025-07-14 23:11:19,ALLE,0,0,0,0,0,0,0,1,1,0,0,0
2025-07-14 23:11:20,LNT,1,0,1,0,0,1,1,0,1,0,0,0
2025-07-14 23:11:20,ALL,1,0,1,1,0,1,1,1,1,1,0,0
2025-07-14 23:11:21,GOOGL,0,0,0,0,0,1,0,1,1,1,0,0
2025-07-14 23:11:22,GOOG,1,0,1,0,0,1,1,1,1,1,0,0
2025-07-14 23:11:22,MO,1,0,0,1,0,1,1,0,1,0,0,0
2025-07-14 23:11:23,AMZN,1,0,1,1,0,1,1,1,1,0,0,0
2025-07-14 23:11:23,AMCR,0,0,1,0,0,1,0,0,1,0,0,0
2025-07-14 23:11:24,AEE,1,1,1,1,0,1,1,0,1,1,0,0
2025-07-14 23:11:25,AEP,1,0,1,0,0,0,1,0,1,1,0,0
2025-07-14 23:11:25,AXP,1,0,1,0,0,1,1,1,1,0,0,0
2025-07-14 23:11:26,AIG,1,1,1,0,0,1,1,0,1,1,0,0
2025-07-14 23:11:26,AMT,0,0,0,0,0,1,0,1,1,1,0,0
2025-07-14 23:11:27,AWK,0,0,0,0,0,1,0,1,1,0,0,0
2025-07-14 23:11:27,AMP,0,0,0,0,0,1,0,1,1,0,0,0
2025-07-14 23:11:28,AME,0,0,0,0,0,0,0,1,1,0,0,0
2025-07-14 23:11:29,AMGN,1,1,1,1,0,1,1,1,1,0,0,0
2025-07-14 23:11:29,APH,0,0,0,0,0,1,0,0,1,1,0,0
2025-07-14 23:11:30,ADI,0,0,0,0,0,1,0,1,1,0,0,0
2025-07-14 23:11:30,ANSS,1,0,1,0,0,0,1,1,1,1,1,0
2025-07-14 23:11:31,AON,1,0,1,1,0,1,1,1,1,1,0,0
2025-07-14 23:11:31,APA,1,0,0,0,0,1,1,0,1,1,0,0
2025-07-14 23:11:32,APO,0,0,0,0,0,1,0,1,1,1,0,0
2025-07-14 23:11:33,AAPL,0,0,0,0,0,0,0,1,1,1,0,0
2025-07-14 23:11:33,AMAT,0,0,0,0,0,1,0,1,1,1,0,0
2025-07-14 23:11:34,APTV,0,0,0,0,0,0,0,0,1,1,0,0
2025-07-14 23:11:34,ACGL,0,0,0,0,0,1,0,0,1,1,0,0
2025-07-14 23:11:35,ADM,1,0,1,1,0,1,1,0,1,1,0,0
2025-07-14 23:11:36,ANET,1,0,1,0,0,1,1,1,1,1,0,0
2025-07-14 23:11:36,AJG,1,0,1,1,0,1,1,1,1,0,0,0
2025-07-14 23:11:37,AIZ,1,1,1,1,0,1,1,1,1,1,0,1
2025-07-14 23:11:37,T,0,0,0,0,0,0,0,0,1,1,0,0
2025-07-14 23:11:38,ATO,0,0,0,0,0,0,0,1,1,1,0,0
2025-07-14 23:11:38,ADSK,0,0,0,0,0,1,0,1,1,1,1,0
2025-07-14 23:11:39,ADP,0,0,0,0,0,1,0,1,1,0,0,0
2025-07-14 23:11:40,AZO,1,0,0,0,0,1,1,1,1,1,0,0
2025-07-14 23:11:40,AVB,1,0,1,0,0,0,1,1,1,0,0,0
2025-07-14 23:11:41,AVY,1,0,1,0,0,0,1,1,1,0,0,0
2025-07-14 23:11:41,AXON,0,0,0,0,0,1,0,1,1,1,0,0
2025-07-14 23:11:42,BKR,0,0,0,0,0,0,0,0,1,1,0,0
2025-07-14 23:11:42,BALL,1,0,1,1,0,1,1,0,1,0,0,0
2025-07-14 23:11:43,BAC,1,0,1,1,0,1,1,0,1,0,0,0
2025-07-14 23:11:43,BAX,0,0,0,0,0,0,0,0,1,1,0,0
2025-07-14 23:11:44,BDX,1,0,0,0,0,1,1,1,1,1,0,0
2025-07-14 23:11:45,BRK-B,0,0,0,0,0,0,0,1,0,0,0,0
2025-07-14 23:11:45,BBY,1,1,1,0,0,1,1,1,1,1,0,0
2025-07-14 23:11:46,TECH,0,0,0,0,0,0,0,1,1,1,0,0
2025-07-14 23:11:46,BIIB,0,0,0,0,0,0,0,1,1,0,0,0
2025-07-14 23:11:47,BLK,1,1,1,1,0,1,1,1,1,0,0,0
2025-07-14 23:11:47,BX,1,0,1,0,0,1,1,1,1,1,0,0
2025-07-14 23:11:48,BK,1,1,1,1,0,1,1,0,1,1,0,0
2025-07-14 23:11:48,BA,1,0,1,0,0,1,1,1,1,1,1,0
2025-07-14 23:11:49,BKNG,1,0,0,1,0,1,1,1,1,0,0,0
2025-07-14 23:11:49,BSX,0,0,0,0,0,0,0,0,1,1,0,0
2025-07-14 23:11:50,BMY,0,0,0,0,0,0,0,0,1,1,0,0
2025-07-14 23:11:51,AVGO,0,0,0,0,0,1,0,1,1,1,0,0
2025-07-14 23:11:51,BR,0,0,0,0,0,1,0,1,1,1,0,0
2025-07-14 23:11:52,BRO,1,0,0,0,0,1,1,0,1,1,0,0
2025-07-14 23:11:52,BF-B,0,0,0,0,0,0,0,0,0,1,0,0
2025-07-14 23:11:53,BLDR,0,0,0,0,0,1,0,1,1,1,0,0
2025-07-14 23:11:53,BG,1,0,1,0,0,1,1,1,1,1,0,0
2025-07-14 23:11:54,BXP,1,0,1,0,0,1,1,0,1,0,0,0
2025-07-14 23:11:55,CHRW,0,0,0,0,0,0,0,1,1,1,0,0
2025-07-14 23:11:55,CDNS,1,0,1,0,0,1,1,1,1,1,0,0
2025-07-14 23:11:56,CZR,1,1,1,0,0,1,1,0,1,1,0,0
2025-07-14 23:11:56,CPT,1,0,1,0,0,0,1,1,1,0,0,0
2025-07-14 23:11:57,CPB,1,0,0,0,0,0,1,0,1,1,0,0
2025-07-14 23:11:57,COF,1,1,1,1,0,1,1,1,1,0,0,0
2025-07-14 23:11:58,CAH,1,0,1,0,0,1,1,1,1,0,0,0
2025-07-14 23:11:58,KMX,1,0,1,0,0,0,1,1,1,1,0,0
2025-07-14 23:11:59,CCL,1,0,1,0,0,1,1,0,1,1,0,0
2025-07-14 23:12:00,CARR,1,0,0,0,0,1,1,0,1,0,0,0
2025-07-14 23:12:00,CAT,1,0,1,0,0,1,1,1,1,0,0,0
2025-07-14 23:12:01,CBOE,0,0,0,0,0,0,0,1,1,1,0,0
2025-07-14 23:12:01,CBRE,0,0,0,0,0,0,0,1,1,0,0,0
2025-07-14 23:12:02,CDW,0,0,0,0,0,0,0,1,1,1,0,0
2025-07-14 23:12:02,COR,1,1,1,0,0,1,1,1,1,0,0,0
2025-07-14 23:12:03,CNC,0,0,0,0,0,0,0,1,1,1,0,0
2025-07-14 23:12:03,CNP,1,0,1,0,0,1,1,0,1,0,0,0
2025-07-14 23:12:04,CF,0,0,0,0,0,0,0,1,1,1,0,0
2025-07-14 23:12:04,CRL,0,0,0,0,0,0,0,1,1,1,0,0
2025-07-14 23:12:05,SCHW,0,0,0,0,0,1,0,0,1,1,0,0
2025-07-14 23:12:05,CHTR,1,0,0,0,0,1,1,1,1,1,0,0
2025-07-14 23:12:06,CVX,0,0,0,0,0,0,0,1,1,1,0,0
2025-07-14 23:12:07,CMG,1,0,1,0,0,1,1,0,1,1,0,0
2025-07-14 23:12:07,CB,1,0,1,0,0,1,1,1,1,0,0,0
2025-07-14 23:12:08,CHD,0,0,0,0,0,1,0,0,1,0,0,0
2025-07-14 23:12:08,CI,1,0,1,0,0,1,1,1,1,0,0,0
2025-07-14 23:12:09,CINF,1,0,0,0,0,1,1,1,1,1,0,0
2025-07-14 23:12:10,CTAS,1,0,0,0,0,1,1,1,1,0,0,0
2025-07-14 23:12:10,CSCO,1,0,0,0,0,1,1,0,1,0,0,0
2025-07-14 23:12:11,C,1,0,1,1,0,1,1,0,1,1,0,0
2025-07-14 23:12:11,CFG,1,0,1,1,0,1,1,0,1,0,0,0
2025-07-14 23:12:12,CLX,1,1,1,1,0,1,1,1,1,1,0,1
2025-07-14 23:12:12,CME,0,0,0,0,0,0,0,1,1,0,0,0
2025-07-14 23:12:13,CMS,1,0,1,1,0,1,1,0,1,0,0,0
2025-07-14 23:12:14,KO,1,0,1,0,0,0,1,0,1,0,0,0
2025-07-14 23:12:14,CTSH,0,0,0,0,0,1,0,0,1,0,0,0
2025-07-14 23:12:15,COIN,0,0,0,0,0,1,0,1,1,1,1,0
2025-07-14 23:12:15,CL,0,0,0,0,0,1,0,0,1,1,0,0
2025-07-14 23:12:16,CMCSA,1,0,0,0,0,1,1,0,1,1,0,0
2025-07-14 23:12:16,CAG,0,0,0,0,0,0,0,0,1,1,0,0
2025-07-14 23:12:17,COP,0,0,0,0,0,0,0,1,1,1,0,0
2025-07-14 23:12:17,ED,1,0,0,0,0,0,1,0,1,1,0,0
2025-07-14 23:12:18,STZ,0,0,0,0,0,0,0,1,1,1,0,0
2025-07-14 23:12:18,CEG,1,1,0,1,0,1,1,1,1,1,0,0
2025-07-14 23:12:19,COO,0,0,0,0,0,0,0,0,1,1,0,0
2025-07-14 23:12:19,CPRT,0,0,0,0,0,0,0,0,1,1,0,0
2025-07-14 23:12:20,GLW,1,0,0,0,0,1,1,0,1,1,0,0
2025-07-14 23:12:21,CPAY,0,0,0,0,0,0,0,1,1,1,0,0
2025-07-14 23:12:21,CTVA,0,0,1,0,0,0,0,0,1,1,0,0
2025-07-14 23:12:22,CSGP,0,0,0,0,0,0,0,0,1,1,0,0
2025-07-14 23:12:23,COST,1,1,1,1,0,1,1,1,1,0,0,0
2025-07-14 23:12:23,CTRA,0,0,0,0,0,0,0,0,1,1,0,0
2025-07-14 23:12:24,CRWD,1,0,0,0,0,1,1,1,1,1,0,0
2025-07-14 23:12:24,CCI,1,0,0,0,0,1,1,1,1,1,0,0
2025-07-14 23:12:25,CSX,0,0,0,0,0,1,0,0,1,1,0,0
2025-07-14 23:12:26,CMI,0,0,0,0,0,1,0,1,1,1,0,0
2025-07-14 23:12:26,CVS,0,0,0,0,0,0,0,0,1,0,0,0
2025-07-14 23:12:27,DHR,0,0,0,0,0,0,0,1,1,1,0,0
2025-07-14 23:12:28,DRI,0,0,0,0,0,0,0,1,1,0,0,0
2025-07-14 23:12:28,DDOG,0,0,0,0,0,0,0,1,1,1,0,0
2025-07-14 23:12:29,DVA,0,0,0,0,0,0,0,1,1,1,0,0
2025-07-14 23:12:30,DAY,0,0,0,0,0,0,0,0,1,1,0,0
2025-07-14 23:12:30,DECK,0,0,0,0,0,0,0,1,1,1,0,0
2025-07-14 23:12:31,DE,1,0,1,0,0,1,1,1,1,1,0,0
2025-07-14 23:12:31,DELL,0,0,0,0,0,1,0,1,1,1,0,0
2025-07-14 23:12:32,DAL,1,0,0,0,0,1,1,1,1,1,0,0
2025-07-14 23:12:33,DVN,0,0,0,0,0,0,0,0,1,1,0,0
2025-07-14 23:12:33,DXCM,1,0,1,0,0,1,1,1,1,1,0,0
2025-07-14 23:12:34,FANG,1,0,0,0,0,1,1,1,1,1,0,0
2025-07-14 23:12:34,DLR,0,0,0,0,0,1,0,1,1,1,0,0
2025-07-14 23:12:35,DG,1,0,0,0,0,1,1,1,1,1,0,0
2025-07-14 23:12:36,DLTR,1,1,1,1,0,1,1,1,1,1,0,1
2025-07-14 23:12:36,D,1,0,0,0,0,1,1,0,1,1,0,0
2025-07-14 23:12:37,DPZ,1,0,1,1,0,1,1,1,1,1,0,0
2025-07-14 23:12:37,DASH,1,0,0,0,0,1,1,1,1,1,0,0
2025-07-14 23:12:38,DOV,0,0,0,0,0,1,0,1,1,1,0,0
2025-07-14 23:12:39,DOW,0,0,1,0,0,0,0,0,1,1,0,0
2025-07-14 23:12:39,DHI,1,1,1,0,0,1,1,1,1,1,0,0
2025-07-14 23:12:40,DTE,1,0,1,0,0,0,1,1,1,1,0,0
2025-07-14 23:12:41,DUK,1,0,1,1,0,1,1,0,1,1,0,0
2025-07-14 23:12:41,DD,1,0,1,0,0,1,1,0,1,1,0,0
2025-07-14 23:12:42,EMN,0,0,0,0,0,0,0,1,1,1,0,0
2025-07-14 23:12:42,ETN,1,0,1,0,0,1,1,1,1,0,0,0
2025-07-14 23:12:43,EBAY,1,0,1,0,0,0,1,0,1,0,0,0
2025-07-14 23:12:44,ECL,1,0,1,0,0,1,1,1,1,0,0,0
2025-07-14 23:12:44,EIX,1,0,1,0,0,1,1,0,1,1,0,0
2025-07-14 23:12:45,EW,0,0,1,0,0,0,0,0,1,0,0,0
2025-07-14 23:12:46,EA,0,0,0,0,0,0,0,1,1,1,0,0
2025-07-14 23:12:46,ELV,1,0,0,0,0,1,1,1,1,1,0,0
2025-07-14 23:12:47,EMR,0,0,0,0,0,1,0,1,1,0,0,0
2025-07-14 23:12:48,ENPH,1,0,1,0,0,0,1,1,1,1,0,0
2025-07-14 23:12:48,ETR,1,1,1,1,0,1,1,0,1,1,0,0
2025-07-14 23:12:49,EOG,1,0,0,0,0,1,1,1,1,1,0,0
2025-07-14 23:12:49,EPAM,0,0,0,0,0,1,0,1,1,1,0,0
2025-07-14 23:12:50,EQT,1,0,1,1,0,1,1,0,1,1,0,0
2025-07-14 23:12:51,EFX,0,0,0,0,0,1,0,1,1,1,0,0
2025-07-14 23:12:51,EQIX,1,0,0,0,0,1,1,1,1,0,0,0
2025-07-14 23:12:52,EQR,1,0,1,1,0,1,1,0,1,0,0,0
2025-07-14 23:12:53,ERIE,1,0,1,0,0,1,1,1,1,1,0,0
2025-07-14 23:12:53,ESS,0,0,0,0,0,0,0,1,1,1,0,0
2025-07-14 23:12:54,EL,0,0,0,0,0,0,0,1,1,1,0,0
2025-07-14 23:12:54,EG,0,0,0,0,0,1,0,1,1,1,0,0
2025-07-14 23:12:55,EVRG,1,1,1,1,0,0,1,0,1,1,0,0
2025-07-14 23:12:56,ES,1,0,1,0,0,0,1,0,1,1,0,0
2025-07-14 23:12:56,EXC,1,0,1,1,0,1,1,0,1,1,0,0
2025-07-14 23:12:57,EXE,1,0,0,0,0,1,1,1,1,1,0,0
2025-07-14 23:12:58,EXPE,1,0,1,0,0,1,1,1,1,0,0,0
2025-07-14 23:12:58,EXPD,0,0,0,0,0,1,0,1,1,0,0,0
2025-07-14 23:12:59,EXR,0,0,1,0,0,1,0,1,1,0,0,0
2025-07-14 23:13:01,XOM,0,0,0,0,0,1,0,1,1,1,0,0
2025-07-14 23:13:02,FFIV,0,0,0,0,0,1,0,1,1,1,0,0
2025-07-14 23:13:03,FDS,0,0,1,0,0,0,0,1,1,1,0,0
2025-07-14 23:13:03,FICO,0,0,0,0,0,1,0,1,1,1,0,0
2025-07-14 23:13:04,FAST,0,0,0,0,0,1,0,0,1,1,1,0
2025-07-14 23:13:05,FRT,1,0,1,0,0,1,1,0,1,0,0,0
2025-07-14 23:13:05,FDX,0,0,0,0,0,1,0,1,1,1,0,0
2025-07-14 23:13:06,FIS,1,0,1,1,0,0,1,0,1,1,0,0
2025-07-14 23:13:06,FITB,1,0,1,1,0,1,1,0,1,0,0,0
2025-07-14 23:13:07,FSLR,0,0,0,0,0,0,0,1,1,1,0,0
2025-07-14 23:13:08,FE,1,0,1,0,0,1,1,0,1,0,0,0
2025-07-14 23:13:08,FI,0,0,0,0,0,0,0,1,1,1,0,0
2025-07-14 23:13:09,F,1,0,0,1,0,1,1,0,1,1,0,0
2025-07-14 23:13:10,FTNT,1,0,0,0,0,1,1,1,1,1,0,0
2025-07-14 23:13:10,FTV,0,0,0,0,0,0,0,0,1,0,0,0
2025-07-14 23:13:11,FOXA,1,0,0,0,0,1,1,0,1,1,0,0
2025-07-14 23:13:12,FOX,1,0,0,0,0,1,1,0,1,1,0,0
2025-07-14 23:13:12,BEN,0,0,0,0,0,1,0,0,1,0,0,0
2025-07-14 23:13:13,FCX,1,0,1,1,0,1,1,0,1,1,0,0
2025-07-14 23:13:14,GRMN,1,0,1,1,0,1,1,1,1,0,0,0
2025-07-14 23:13:14,IT,0,0,0,0,0,0,0,1,1,0,0,0
2025-07-14 23:13:15,GE,1,1,1,1,0,1,1,1,1,1,0,1
2025-07-14 23:13:16,GEHC,0,0,0,0,0,1,0,0,1,0,0,0
2025-07-14 23:13:17,GEV,1,0,0,0,0,1,1,1,1,1,0,0
2025-07-14 23:13:17,GEN,0,0,0,0,0,1,0,0,1,1,1,0
2025-07-14 23:13:18,GNRC,0,0,0,0,0,0,0,1,1,1,0,0
2025-07-14 23:13:19,GD,0,0,0,0,0,1,0,1,1,0,0,0
2025-07-14 23:13:20,GIS,1,0,1,0,0,0,1,0,1,1,0,0
2025-07-14 23:13:20,GM,0,0,0,0,0,1,0,0,1,1,0,0
2025-07-14 23:13:21,GPC,1,0,0,0,0,1,1,1,1,1,0,0
2025-07-14 23:13:22,GILD,1,1,1,0,0,1,1,1,1,1,0,0
2025-07-14 23:13:22,GPN,0,0,1,0,0,0,0,0,1,1,1,0
2025-07-14 23:13:23,GL,1,0,1,0,0,1,1,1,1,1,0,0
2025-07-14 23:13:24,GDDY,0,0,0,0,0,0,0,1,1,1,0,0
2025-07-14 23:13:24,GS,1,0,1,1,0,1,1,1,1,1,0,0
2025-07-14 23:13:25,HAL,0,0,0,0,0,0,0,0,1,1,0,0
2025-07-14 23:13:26,HIG,1,0,1,0,0,1,1,1,1,1,0,0
2025-07-14 23:13:26,HAS,0,0,0,0,0,1,0,0,1,1,0,0
2025-07-14 23:13:27,HCA,1,0,1,0,0,1,1,1,1,1,0,0
2025-07-14 23:13:28,DOC,1,0,1,1,0,1,1,0,1,0,0,0
2025-07-14 23:13:29,HSIC,0,0,0,0,0,1,0,0,1,1,0,0
2025-07-14 23:13:29,HSY,0,0,0,0,0,0,0,1,1,1,0,0
2025-07-14 23:13:30,HES,0,0,0,0,0,0,0,1,1,1,0,0
2025-07-14 23:13:31,HPE,0,0,0,0,0,0,0,0,1,1,0,0
2025-07-14 23:13:32,HLT,0,0,0,0,0,1,0,1,1,1,0,0
2025-07-14 23:13:32,HOLX,0,0,0,0,0,0,0,0,1,1,0,0
2025-07-14 23:13:33,HD,1,0,1,0,0,1,1,1,1,0,0,0
2025-07-14 23:13:34,HON,0,0,0,0,0,1,0,1,1,1,0,0
2025-07-14 23:13:35,HRL,1,1,1,1,0,1,1,0,1,1,0,0
2025-07-14 23:13:35,HST,1,0,1,0,0,1,1,0,1,1,0,0
2025-07-14 23:13:36,HWM,1,0,0,0,0,1,1,1,1,1,0,0
2025-07-14 23:13:37,HPQ,0,0,0,0,0,0,0,0,1,1,0,0
2025-07-14 23:13:38,HUBB,0,0,0,0,0,1,0,1,1,0,0,0
2025-07-14 23:13:38,HUM,0,0,0,0,0,0,0,1,1,1,0,0
2025-07-14 23:13:39,HBAN,1,0,1,1,0,1,1,0,1,1,0,0
2025-07-14 23:13:40,HII,0,0,0,0,0,1,0,1,1,1,0,0
2025-07-14 23:13:41,IBM,0,0,0,0,0,1,0,1,1,0,0,0
2025-07-14 23:13:41,IEX,0,0,0,0,0,0,0,1,1,0,0,0
2025-07-14 23:13:42,IDXX,0,0,0,0,0,0,0,1,1,0,0,0
2025-07-14 23:13:43,ITW,0,0,0,0,0,1,0,1,1,0,0,0
2025-07-14 23:13:43,INCY,1,1,1,0,0,1,1,1,1,1,0,0
2025-07-14 23:13:44,IR,0,0,0,0,0,0,0,0,1,1,0,0
2025-07-14 23:13:45,PODD,0,0,0,0,0,0,0,1,1,1,0,0
2025-07-14 23:13:45,INTC,0,0,0,0,0,1,0,0,1,1,0,0
2025-07-14 23:13:46,ICE,0,0,0,0,0,0,0,1,1,1,0,0
2025-07-14 23:13:47,IFF,0,0,0,0,0,0,0,0,1,0,0,0
2025-07-14 23:13:48,IP,1,0,1,1,0,1,1,0,1,0,0,0
2025-07-14 23:13:48,IPG,0,0,0,0,0,1,0,0,1,0,0,0
2025-07-14 23:13:49,INTU,0,0,0,0,0,0,0,1,1,1,0,0
2025-07-14 23:13:50,ISRG,0,0,0,0,0,0,0,1,1,1,0,0
2025-07-14 23:13:50,IVZ,1,0,1,0,0,1,1,0,1,0,0,0
2025-07-14 23:13:51,INVH,0,0,1,0,0,0,0,0,1,0,0,0
2025-07-14 23:13:52,IQV,0,0,0,0,0,0,0,1,1,1,0,0
2025-07-14 23:13:52,IRM,0,0,0,0,0,0,0,1,1,0,0,0
2025-07-14 23:13:53,JBHT,1,0,1,0,0,1,1,1,1,1,0,0
2025-07-14 23:13:54,JBL,0,0,0,0,0,0,0,1,1,0,0,0
2025-07-14 23:13:54,JKHY,0,0,0,0,0,0,0,1,1,1,0,0
2025-07-14 23:13:55,J,0,0,0,0,0,1,0,0,1,0,0,0
2025-07-14 23:13:56,JNJ,1,0,1,0,0,1,1,1,1,0,0,0
2025-07-14 23:13:57,JCI,0,0,0,0,0,1,0,0,1,0,0,0
2025-07-14 23:13:57,JPM,1,0,1,0,0,1,1,1,1,0,0,0
2025-07-14 23:13:58,K,1,0,0,0,0,1,1,0,0,0,0,0
2025-07-14 23:13:59,KVUE,0,0,0,0,0,1,0,0,1,1,1,0
2025-07-14 23:13:59,KDP,1,0,1,0,0,1,1,0,1,0,0,0
2025-07-14 23:14:00,KEY,1,0,1,0,0,1,1,0,1,0,0,0
2025-07-14 23:14:01,KEYS,0,0,0,0,0,1,0,1,1,1,0,0
2025-07-14 23:14:01,KMB,1,0,0,0,0,1,1,1,1,1,0,0
2025-07-14 23:14:02,KIM,1,0,1,0,0,1,1,0,1,1,0,0
2025-07-14 23:14:03,KMI,1,1,1,1,0,1,1,0,1,1,0,0
2025-07-14 23:14:03,KKR,0,0,0,0,0,0,0,1,1,0,0,0
2025-07-14 23:14:04,KLAC,0,0,0,0,0,1,0,1,1,1,0,0
2025-07-14 23:14:05,KHC,1,1,1,1,0,1,1,0,1,1,0,0
2025-07-14 23:14:06,KR,1,0,1,0,0,1,1,0,1,1,0,0
2025-07-14 23:14:06,LHX,1,0,0,0,0,1,1,1,1,1,0,0
2025-07-14 23:14:07,LH,0,0,0,0,0,0,0,1,1,0,0,0
2025-07-14 23:14:07,LRCX,0,0,0,0,0,0,0,1,1,1,0,0
2025-07-14 23:14:08,LW,0,0,0,0,0,1,0,0,1,1,0,0
2025-07-14 23:14:09,LVS,1,0,1,0,0,1,1,0,1,1,0,0
2025-07-14 23:14:09,LDOS,0,0,0,0,0,0,0,1,1,1,0,0
2025-07-14 23:14:10,LEN,1,1,0,0,0,1,1,1,1,1,0,0
2025-07-14 23:14:11,LII,0,0,0,0,0,0,0,1,1,0,0,0
2025-07-14 23:14:11,LLY,1,1,1,0,0,1,1,1,1,1,0,0
2025-07-14 23:14:12,LIN,1,0,1,0,0,1,1,1,1,0,0,0
2025-07-14 23:14:13,LYV,1,0,0,0,0,1,1,1,1,1,0,0
2025-07-14 23:14:13,LKQ,1,0,1,0,0,1,1,0,1,1,0,0
2025-07-14 23:14:14,LMT,1,0,1,0,0,1,1,1,1,0,0,0
2025-07-14 23:14:15,L,1,0,1,1,0,1,1,0,1,1,0,0
2025-07-14 23:14:15,LOW,1,0,0,0,0,1,1,1,1,1,0,0
2025-07-14 23:14:16,LULU,0,0,0,0,0,0,0,1,1,1,0,0
2025-07-14 23:14:16,LYB,0,0,1,0,0,0,0,0,1,1,0,0
2025-07-14 23:14:17,MTB,1,0,1,0,0,1,1,1,1,0,0,0
2025-07-14 23:14:18,MPC,0,0,0,0,0,1,0,1,1,1,0,0
2025-07-14 23:14:19,MKTX,1,0,1,0,0,1,1,1,1,1,0,0
2025-07-14 23:14:19,MAR,0,0,0,0,0,1,0,1,1,0,0,0
2025-07-14 23:14:20,MMC,0,0,1,0,0,1,0,1,1,0,0,0
2025-07-14 23:14:21,MLM,1,0,1,1,0,1,1,1,1,0,0,0
2025-07-14 23:14:21,MAS,1,0,0,0,0,1,1,0,1,1,0,0
2025-07-14 23:14:22,MA,0,0,0,0,0,0,0,1,1,1,0,0
2025-07-14 23:14:23,MTCH,0,0,0,0,0,0,0,0,1,1,0,0
2025-07-14 23:14:23,MKC,1,1,1,1,0,1,1,0,1,1,0,0
2025-07-14 23:14:24,MCD,1,0,1,0,0,1,1,1,1,1,0,0
2025-07-14 23:14:25,MCK,1,0,0,0,0,1,1,1,1,1,0,0
2025-07-14 23:14:26,MDT,1,0,1,0,0,1,1,0,1,0,0,0
2025-07-14 23:14:27,MRK,0,0,0,0,0,1,0,0,1,0,0,0
2025-07-14 23:14:27,META,0,0,0,0,0,0,0,1,1,1,0,0
2025-07-14 23:14:28,MET,1,0,1,1,0,1,1,0,1,0,0,0
2025-07-14 23:14:29,MTD,0,0,0,0,0,0,0,1,1,1,0,0
2025-07-14 23:14:29,MGM,1,0,1,1,0,1,1,0,1,1,0,0
2025-07-14 23:14:30,MCHP,0,0,0,0,0,1,0,1,1,1,0,0
2025-07-14 23:14:31,MU,0,0,0,0,0,0,0,1,1,1,0,0
2025-07-14 23:14:31,MSFT,0,0,0,0,0,1,0,1,1,0,0,0
2025-07-14 23:14:32,MAA,0,0,1,0,0,0,0,1,1,0,0,0
2025-07-14 23:14:33,MRNA,0,0,0,0,0,0,0,0,1,1,0,0
2025-07-14 23:14:34,MHK,0,0,0,0,0,1,0,1,1,0,0,0
2025-07-14 23:14:34,MOH,0,0,0,0,0,0,0,1,1,1,0,0
2025-07-14 23:14:35,TAP,1,1,1,1,0,1,1,0,1,1,0,0
2025-07-14 23:14:36,MDLZ,1,0,0,0,0,1,1,0,1,0,0,0
2025-07-14 23:14:36,MPWR,1,0,0,0,0,1,1,1,1,1,0,0
2025-07-14 23:14:37,MNST,0,0,0,0,0,1,0,0,1,1,0,0
2025-07-14 23:14:38,MCO,1,0,1,0,0,1,1,1,1,0,0,0
2025-07-14 23:14:39,MS,1,0,1,1,0,1,1,1,1,0,0,0
2025-07-14 23:14:39,MOS,1,0,1,0,0,0,1,0,1,1,0,0
2025-07-14 23:14:40,MSI,0,0,0,0,0,0,0,1,1,0,0,0
2025-07-14 23:14:41,MSCI,0,0,0,0,0,0,0,1,1,1,0,0
2025-07-14 23:14:41,NDAQ,0,0,0,0,0,1,0,0,1,0,0,0
2025-07-14 23:14:42,NTAP,0,0,0,0,0,0,0,1,1,1,0,0
2025-07-14 23:14:43,NFLX,0,0,0,0,0,0,0,1,1,1,0,0
2025-07-14 23:14:43,NEM,0,0,0,0,0,1,0,0,1,1,0,0
2025-07-14 23:14:44,NWSA,0,0,0,0,0,1,0,0,1,0,0,0
2025-07-14 23:14:45,NWS,0,0,0,0,0,1,0,0,1,1,0,0
2025-07-14 23:14:46,NEE,0,0,0,0,0,1,0,1,1,1,0,0
2025-07-14 23:14:46,NKE,1,0,1,0,0,1,1,1,1,1,0,0
2025-07-14 23:14:47,NI,1,0,1,1,0,1,1,0,1,1,0,0
2025-07-14 23:14:48,NDSN,0,0,0,0,0,0,0,1,1,0,0,0
2025-07-14 23:14:49,NSC,0,0,0,0,0,1,0,1,1,1,0,0
2025-07-14 23:14:49,NTRS,1,0,1,1,0,1,1,1,1,1,0,0
2025-07-14 23:14:50,NOC,0,0,0,0,0,1,0,1,1,1,0,0
2025-07-14 23:14:51,NCLH,1,0,1,0,0,1,1,0,1,1,0,0
2025-07-14 23:14:51,NRG,1,0,1,0,0,1,1,1,1,1,0,0
2025-07-14 23:14:52,NUE,0,0,0,0,0,0,0,1,1,1,0,0
2025-07-14 23:14:53,NVDA,0,0,0,0,0,0,0,1,1,1,0,0
2025-07-14 23:14:53,NVR,1,0,1,0,0,1,1,1,1,1,0,0
2025-07-14 23:14:54,NXPI,1,0,0,0,0,1,1,1,1,1,0,0
2025-07-14 23:14:55,ORLY,0,0,0,0,0,1,0,0,1,1,0,0
2025-07-14 23:14:55,OXY,0,0,0,0,0,1,0,0,1,1,0,0
2025-07-14 23:14:56,ODFL,0,0,0,0,0,0,0,1,1,1,0,0
2025-07-14 23:14:57,OMC,0,0,0,0,0,1,0,0,1,0,0,0
2025-07-14 23:14:57,ON,0,0,0,0,0,1,0,0,1,1,0,0
2025-07-14 23:14:58,OKE,1,0,1,0,0,1,1,0,1,0,0,0
2025-07-14 23:14:59,ORCL,0,0,1,0,0,1,0,1,1,1,0,0
2025-07-14 23:15:00,OTIS,1,0,1,0,0,1,1,0,1,0,0,0
2025-07-14 23:15:00,PCAR,0,0,0,0,0,0,0,1,1,1,0,0
2025-07-14 23:15:01,PKG,0,0,0,0,0,0,0,1,1,0,0,0
2025-07-14 23:15:02,PLTR,1,0,1,0,0,1,1,1,1,1,0,0
2025-07-14 23:15:02,PANW,0,0,0,0,0,1,0,1,1,1,0,0
2025-07-14 23:15:03,PARA,1,0,0,0,0,1,1,0,1,1,0,0
2025-07-14 23:15:04,PH,0,0,0,0,0,1,0,1,1,0,0,0
2025-07-14 23:15:04,PAYX,1,0,1,0,0,1,1,1,1,0,0,0
2025-07-14 23:15:05,PAYC,0,0,0,0,0,1,0,1,1,1,0,0
2025-07-14 23:15:06,PYPL,1,0,1,0,0,1,1,0,1,1,0,0
2025-07-14 23:15:06,PNR,1,0,0,0,0,1,1,0,1,0,0,0
2025-07-14 23:15:07,PEP,0,0,0,0,0,1,0,1,1,1,0,0
2025-07-14 23:15:08,PFE,0,0,0,0,0,0,0,0,1,0,0,0
2025-07-14 23:15:09,PCG,1,0,0,0,0,1,1,0,1,1,0,0
2025-07-14 23:15:09,PM,1,0,1,0,0,1,1,1,1,0,0,0
2025-07-14 23:15:10,PSX,0,0,0,0,0,0,0,1,1,1,0,0
2025-07-14 23:15:11,PNW,1,0,0,0,0,0,1,0,1,1,0,0
2025-07-14 23:15:12,PNC,1,1,1,1,0,1,1,1,1,0,0,0
2025-07-14 23:15:12,POOL,0,0,0,0,0,0,0,1,1,1,0,0
2025-07-14 23:15:13,PPG,1,0,1,1,0,1,1,1,1,0,0,0
2025-07-14 23:15:14,PPL,1,0,0,0,0,1,1,0,1,1,0,0
2025-07-14 23:15:14,PFG,1,0,0,0,0,1,1,0,1,1,0,0
2025-07-14 23:15:15,PG,0,0,0,0,0,0,0,1,1,1,0,0
2025-07-14 23:15:16,PGR,1,1,1,1,0,1,1,1,1,1,0,1
2025-07-14 23:15:16,PLD,1,1,1,1,0,1,1,1,1,0,0,0
2025-07-14 23:15:17,PRU,1,0,1,1,0,1,1,0,1,0,0,0
2025-07-14 23:15:17,PEG,1,0,1,0,0,1,1,0,1,1,0,0
2025-07-14 23:15:18,PTC,1,0,1,1,0,1,1,1,1,1,0,0
2025-07-14 23:15:19,PSA,1,0,1,0,0,1,1,1,1,0,0,0
2025-07-14 23:15:19,PHM,1,0,0,0,0,1,1,1,1,1,0,0
2025-07-14 23:15:20,PWR,0,0,0,0,0,1,0,1,1,1,0,0
2025-07-14 23:15:21,QCOM,0,0,0,0,0,1,0,1,1,1,0,0
2025-07-14 23:15:21,DGX,1,0,1,0,0,1,1,1,1,0,0,0
2025-07-14 23:15:22,RL,0,0,0,0,0,1,0,1,1,0,0,0
2025-07-14 23:15:23,RJF,1,0,1,0,0,1,1,1,1,0,0,0
2025-07-14 23:15:23,RTX,1,0,1,0,0,1,1,1,1,1,0,0
2025-07-14 23:15:24,O,0,0,0,0,0,1,0,0,1,1,0,0
2025-07-14 23:15:24,REG,1,0,1,1,0,1,1,0,1,0,0,0
2025-07-14 23:15:25,REGN,0,0,0,0,0,1,0,1,1,1,0,0
2025-07-14 23:15:26,RF,1,1,1,1,0,1,1,0,1,0,0,0
2025-07-14 23:15:26,RSG,1,0,0,0,0,1,1,1,1,1,0,0
2025-07-14 23:15:27,RMD,0,0,0,0,0,0,0,1,1,0,0,0
2025-07-14 23:15:28,RVTY,0,0,0,0,0,0,0,1,1,1,0,0
2025-07-14 23:15:28,ROK,0,0,0,0,0,1,0,1,1,0,0,0
2025-07-14 23:15:29,ROL,1,0,0,0,0,1,1,0,1,1,0,0
2025-07-14 23:15:30,ROP,1,0,1,1,0,1,1,1,1,0,0,0
2025-07-14 23:15:30,ROST,1,1,1,0,0,1,1,1,1,0,0,0
2025-07-14 23:15:31,RCL,1,0,1,0,0,1,1,1,1,1,0,0
2025-07-14 23:15:32,SPGI,0,0,0,0,0,1,0,1,1,0,0,0
2025-07-14 23:15:32,CRM,0,0,0,0,0,0,0,1,1,1,0,0
2025-07-14 23:15:33,SBAC,0,0,0,0,0,1,0,1,1,1,0,0
2025-07-14 23:15:33,SLB,0,0,0,0,0,0,0,0,1,1,0,0
2025-07-14 23:15:34,STX,0,0,0,0,0,1,0,1,1,1,0,0
2025-07-14 23:15:35,SRE,1,0,0,0,0,1,1,0,1,1,0,0
2025-07-14 23:15:35,NOW,1,0,0,0,0,1,1,1,1,1,0,0
2025-07-14 23:15:36,SHW,0,0,0,0,0,0,0,1,1,0,0,0
2025-07-14 23:15:36,SPG,1,0,1,0,0,1,1,1,1,0,0,0
2025-07-14 23:15:37,SWKS,1,0,0,0,0,1,1,0,1,1,0,0
2025-07-14 23:15:38,SJM,1,1,1,1,0,1,1,1,1,0,0,0
2025-07-14 23:15:38,SW,0,0,0,0,0,0,0,0,1,0,0,0
2025-07-14 23:15:39,SNA,0,0,0,0,0,1,0,1,1,1,0,0
2025-07-14 23:15:40,SOLV,0,0,0,0,0,1,0,0,1,0,0,0
2025-07-14 23:15:40,SO,0,0,0,0,0,1,0,0,1,0,0,0
2025-07-14 23:15:41,LUV,1,0,1,1,0,1,1,0,1,1,0,0
2025-07-14 23:15:42,SWK,0,0,0,0,0,0,0,1,1,1,0,0
2025-07-14 23:15:42,SBUX,1,0,0,0,0,1,1,1,1,1,0,0
2025-07-14 23:15:43,STT,1,0,1,1,0,1,1,0,1,0,0,0
2025-07-14 23:15:44,STLD,0,0,0,0,0,0,0,1,1,0,0,0
2025-07-14 23:15:44,STE,0,0,0,0,0,0,0,1,1,0,0,0
2025-07-14 23:15:45,SYK,0,0,0,0,0,1,0,1,1,1,0,0
2025-07-14 23:15:45,SMCI,0,0,0,0,0,0,0,1,1,1,0,0
2025-07-14 23:15:46,SYF,1,0,1,0,0,1,1,0,1,0,0,0
2025-07-14 23:15:47,SNPS,1,0,1,0,0,0,1,1,1,1,1,0
2025-07-14 23:15:47,SYY,1,1,1,1,0,1,1,0,1,0,0,0
2025-07-14 23:15:48,TMUS,0,0,0,0,0,0,0,1,1,0,0,0
2025-07-14 23:15:49,TROW,0,0,0,0,0,1,0,0,1,1,0,0
2025-07-14 23:15:49,TTWO,1,0,0,0,0,1,1,1,1,1,0,0
2025-07-14 23:15:50,TPR,1,1,1,0,0,1,1,1,1,1,0,0
2025-07-14 23:15:50,TRGP,1,0,0,0,0,1,1,1,1,1,0,0
2025-07-14 23:15:51,TGT,1,0,1,1,0,1,1,1,1,1,0,0
2025-07-14 23:15:52,TEL,0,0,0,0,0,0,0,1,1,0,0,0
2025-07-14 23:15:52,TDY,1,0,0,1,0,1,1,1,1,1,0,0
2025-07-14 23:15:53,TER,0,0,0,0,0,1,0,1,1,1,0,0
2025-07-14 23:15:53,TSLA,1,0,1,0,0,1,1,1,1,1,1,0
2025-07-14 23:15:54,TXN,1,0,1,0,0,1,1,1,1,0,0,0
2025-07-14 23:15:55,TPL,1,0,1,0,0,1,1,1,1,1,0,0
2025-07-14 23:15:55,TXT,1,0,1,1,0,1,1,0,1,1,0,0
2025-07-14 23:15:56,TMO,0,0,0,0,0,0,0,1,1,1,0,0
2025-07-14 23:15:57,TJX,1,1,1,0,0,1,1,0,1,0,0,0
2025-07-14 23:15:57,TKO,0,0,0,0,0,0,0,1,1,1,0,0
2025-07-14 23:15:58,TSCO,1,1,1,1,0,1,1,0,1,1,0,0
2025-07-14 23:15:58,TT,0,0,0,0,0,1,0,1,1,1,0,0
2025-07-14 23:15:59,TDG,1,0,0,0,0,1,1,1,1,1,0,0
2025-07-14 23:16:00,TRV,1,1,1,1,0,1,1,1,1,0,0,0
2025-07-14 23:16:00,TRMB,1,0,0,0,0,1,1,0,1,0,0,0
2025-07-14 23:16:01,TFC,1,0,1,1,0,1,1,0,1,0,0,0
2025-07-14 23:16:01,TYL,1,0,0,0,0,1,1,1,1,1,0,0
2025-07-14 23:16:02,TSN,1,0,1,1,0,1,1,0,1,0,0,0
2025-07-14 23:16:03,USB,1,0,1,0,0,1,1,0,1,0,0,0
2025-07-14 23:16:03,UBER,0,0,0,0,0,0,0,1,1,1,0,0
2025-07-14 23:16:04,UDR,0,0,0,0,0,0,0,0,1,0,0,0
2025-07-14 23:16:05,ULTA,1,0,0,0,0,1,1,1,1,1,0,0
2025-07-14 23:16:05,UNP,0,0,0,0,0,0,0,1,1,0,0,0
2025-07-14 23:16:06,UAL,1,0,1,1,0,1,1,1,1,1,0,0
2025-07-14 23:16:06,UPS,0,0,0,0,0,0,0,1,1,1,0,0
2025-07-14 23:16:07,URI,1,0,1,0,0,1,1,1,1,1,0,0
2025-07-14 23:16:08,UNH,1,0,0,0,0,1,1,1,1,1,0,0
2025-07-14 23:16:08,UHS,0,0,0,0,0,1,0,1,1,1,0,0
2025-07-14 23:16:09,VLO,0,0,0,0,0,0,0,1,1,1,0,0
2025-07-14 23:16:10,VTR,1,0,1,1,0,1,1,0,1,0,0,0
2025-07-14 23:16:10,VLTO,1,0,0,0,0,1,1,0,1,0,0,0
2025-07-14 23:16:11,VRSN,0,0,0,0,0,0,0,1,1,0,0,0
2025-07-14 23:16:12,VRSK,0,0,0,0,0,1,0,1,1,1,0,0
2025-07-14 23:16:12,VZ,0,0,0,0,0,0,0,0,1,0,0,0
2025-07-14 23:16:13,VRTX,0,0,0,0,0,0,0,1,1,1,0,0
2025-07-14 23:16:13,VTRS,1,1,1,1,0,1,1,0,1,0,0,0
2025-07-14 23:16:14,VICI,1,0,1,0,0,1,1,0,1,0,0,0
2025-07-14 23:16:15,V,0,0,0,0,0,1,0,1,1,1,0,0
2025-07-14 23:16:15,VST,0,0,0,0,0,1,0,1,1,1,0,0
2025-07-14 23:16:16,VMC,1,0,1,1,0,1,1,1,1,0,0,0
2025-07-14 23:16:16,WRB,1,0,1,1,0,1,1,0,1,1,0,0
2025-07-14 23:16:17,GWW,1,0,0,0,0,1,1,1,1,1,0,0
2025-07-14 23:16:18,WAB,1,0,0,0,0,1,1,1,1,0,0,0
2025-07-14 23:16:18,WBA,1,0,1,0,0,1,1,0,0,0,0,0
2025-07-14 23:16:19,WMT,1,1,1,0,0,1,1,0,1,1,0,0
2025-07-14 23:16:20,DIS,0,0,0,0,0,0,0,0,1,0,0,0
2025-07-14 23:16:20,WBD,0,0,0,0,0,1,0,0,1,1,0,0
2025-07-14 23:16:21,WM,1,0,0,0,0,1,1,1,1,1,0,0
2025-07-14 23:16:22,WAT,0,0,0,0,0,0,0,1,1,1,0,0
2025-07-14 23:16:22,WEC,1,0,1,1,0,1,1,0,1,1,0,0
2025-07-14 23:16:23,WFC,1,0,1,0,0,1,1,0,1,1,0,0
2025-07-14 23:16:24,WELL,1,0,1,1,0,1,1,1,1,1,0,0
2025-07-14 23:16:24,WST,0,0,0,0,0,0,0,1,1,1,0,0
2025-07-14 23:16:25,WDC,0,0,0,0,0,1,0,0,1,1,0,0
2025-07-14 23:16:26,WY,0,0,0,0,0,0,0,0,1,1,0,0
2025-07-14 23:16:26,WSM,0,0,0,0,0,0,0,1,1,1,0,0
2025-07-14 23:16:27,WMB,1,0,1,0,0,1,1,0,1,1,0,0
2025-07-14 23:16:27,WTW,1,0,1,0,0,1,1,1,1,0,0,0
2025-07-14 23:16:28,WDAY,0,0,0,0,0,0,0,1,1,1,0,0
2025-07-14 23:16:29,WYNN,1,1,1,1,0,1,1,1,1,1,0,1
2025-07-14 23:16:29,XEL,1,0,1,0,0,1,1,0,1,0,0,0
2025-07-14 23:16:30,XYL,0,0,0,0,0,1,0,0,1,0,0,0
2025-07-14 23:16:31,YUM,0,0,0,0,0,0,0,1,1,1,0,0
2025-07-14 23:16:31,ZBRA,0,0,0,0,0,1,0,1,1,1,0,0
2025-07-14 23:16:32,ZBH,1,0,1,0,0,1,1,0,1,1,0,0
2025-07-14 23:16:32,ZTS,0,0,0,0,0,0,0,1,1,0,0,0
2025-07-14 23:16:33,MMM,1,0,1,1,0,1,1,1,1,1,0,0
2025-07-14 23:16:34,AOS,0,0,0,0,0,1,0,0,1,0,0,0
2025-07-14 23:16:34,ABT,0,0,0,0,0,0,0,1,1,0,0,0
2025-07-14 23:16:35,ABBV,1,0,1,0,0,1,1,1,1,0,0,0
2025-07-14 23:16:35,ACN,0,0,0,0,0,1,0,1,1,0,0,0
2025-07-14 23:16:36,ADBE,1,0,0,0,0,1,1,1,1,1,0,0
2025-07-14 23:16:37,AMD,0,0,0,0,0,1,0,1,1,1,0,0
2025-07-14 23:16:37,AES,1,0,1,1,0,1,1,0,1,1,0,0
2025-07-14 23:16:38,AFL,1,0,1,1,0,1,1,0,1,1,0,0
2025-07-14 23:16:39,A,0,0,0,0,0,0,0,1,1,1,0,0
2025-07-14 23:16:39,APD,0,0,0,0,0,0,0,1,1,0,0,0
2025-07-14 23:16:40,ABNB,0,0,0,0,0,1,0,1,1,1,0,0
2025-07-14 23:16:41,AKAM,0,0,0,0,0,0,0,0,1,1,0,0
2025-07-14 23:16:41,ALB,1,0,1,0,0,1,1,1,1,1,0,0
2025-07-14 23:16:42,ARE,0,0,0,0,0,0,0,1,1,1,0,0
2025-07-14 23:16:42,ALGN,0,0,0,0,0,0,0,1,1,1,0,0
2025-07-14 23:16:43,ALLE,0,0,0,0,0,0,0,1,1,0,0,0
2025-07-14 23:16:44,LNT,1,0,1,0,0,1,1,0,1,0,0,0
2025-07-14 23:16:44,ALL,1,0,1,1,0,1,1,1,1,1,0,0
2025-07-14 23:16:45,GOOGL,0,0,0,0,0,1,0,1,1,1,0,0
2025-07-14 23:16:46,GOOG,1,0,1,0,0,1,1,1,1,1,0,0
2025-07-14 23:16:46,MO,1,0,0,1,0,1,1,0,1,0,0,0
2025-07-14 23:16:47,AMZN,1,0,1,1,0,1,1,1,1,0,0,0
2025-07-14 23:16:47,AMCR,0,0,1,0,0,1,0,0,1,0,0,0
2025-07-14 23:16:48,AEE,1,1,1,1,0,1,1,0,1,1,0,0
2025-07-14 23:16:49,AEP,1,0,1,0,0,0,1,0,1,1,0,0
2025-07-14 23:16:49,AXP,1,0,1,0,0,1,1,1,1,0,0,0
2025-07-14 23:16:50,AIG,1,1,1,0,0,1,1,0,1,1,0,0
2025-07-14 23:16:51,AMT,0,0,0,0,0,1,0,1,1,1,0,0
2025-07-14 23:16:51,AWK,0,0,0,0,0,1,0,1,1,0,0,0
2025-07-14 23:16:52,AMP,0,0,0,0,0,1,0,1,1,0,0,0
2025-07-14 23:16:52,AME,0,0,0,0,0,0,0,1,1,0,0,0
2025-07-14 23:16:53,AMGN,1,1,1,1,0,1,1,1,1,0,0,0
2025-07-14 23:16:54,APH,0,0,0,0,0,1,0,0,1,1,0,0
2025-07-14 23:16:54,ADI,0,0,0,0,0,1,0,1,1,0,0,0
2025-07-14 23:16:55,ANSS,1,0,1,0,0,0,1,1,1,1,1,0
2025-07-14 23:16:55,AON,1,0,1,1,0,1,1,1,1,1,0,0
2025-07-14 23:16:56,APA,1,0,0,0,0,1,1,0,1,1,0,0
2025-07-14 23:16:56,APO,0,0,0,0,0,1,0,1,1,1,0,0
2025-07-14 23:16:57,AAPL,0,0,0,0,0,0,0,1,1,1,0,0
2025-07-14 23:16:58,AMAT,0,0,0,0,0,1,0,1,1,1,0,0
2025-07-14 23:16:58,APTV,0,0,0,0,0,0,0,0,1,1,0,0
2025-07-14 23:16:59,ACGL,0,0,0,0,0,1,0,0,1,1,0,0
2025-07-14 23:16:59,ADM,1,0,1,1,0,1,1,0,1,1,0,0
2025-07-14 23:17:00,ANET,1,0,1,0,0,1,1,1,1,1,0,0
2025-07-14 23:17:00,AJG,1,0,1,1,0,1,1,1,1,0,0,0
2025-07-14 23:17:01,AIZ,1,1,1,1,0,1,1,1,1,1,0,1
2025-07-14 23:17:02,T,0,0,0,0,0,0,0,0,1,1,0,0
2025-07-14 23:17:02,ATO,0,0,0,0,0,0,0,1,1,1,0,0
2025-07-14 23:17:03,ADSK,0,0,0,0,0,1,0,1,1,1,1,0
2025-07-14 23:17:03,ADP,0,0,0,0,0,1,0,1,1,0,0,0
2025-07-14 23:17:04,AZO,1,0,0,0,0,1,1,1,1,1,0,0
2025-07-14 23:17:04,AVB,1,0,1,0,0,0,1,1,1,0,0,0
2025-07-14 23:17:05,AVY,1,0,1,0,0,0,1,1,1,0,0,0
2025-07-14 23:17:05,AXON,0,0,0,0,0,1,0,1,1,1,0,0
2025-07-14 23:17:06,BKR,0,0,0,0,0,0,0,0,1,1,0,0
2025-07-14 23:17:07,BALL,1,0,1,1,0,1,1,0,1,0,0,0
2025-07-14 23:17:07,BAC,1,0,1,1,0,1,1,0,1,0,0,0
2025-07-14 23:17:08,BAX,0,0,0,0,0,0,0,0,1,1,0,0
2025-07-14 23:17:08,BDX,1,0,0,0,0,1,1,1,1,1,0,0
2025-07-14 23:17:09,BRK-B,0,0,0,0,0,0,0,1,0,0,0,0
2025-07-14 23:17:10,BBY,1,1,1,0,0,1,1,1,1,1,0,0
2025-07-14 23:17:10,TECH,0,0,0,0,0,0,0,1,1,1,0,0
2025-07-14 23:17:11,BIIB,0,0,0,0,0,0,0,1,1,0,0,0
2025-07-14 23:17:11,BLK,1,1,1,1,0,1,1,1,1,0,0,0
2025-07-14 23:17:12,BX,1,0,1,0,0,1,1,1,1,1,0,0
2025-07-14 23:17:12,BK,1,1,1,1,0,1,1,0,1,1,0,0
2025-07-14 23:17:13,BA,1,0,1,0,0,1,1,1,1,1,1,0
2025-07-14 23:17:13,BKNG,1,0,0,1,0,1,1,1,1,0,0,0
2025-07-14 23:17:14,BSX,0,0,0,0,0,0,0,0,1,1,0,0
2025-07-14 23:17:15,BMY,0,0,0,0,0,0,0,0,1,1,0,0
2025-07-14 23:17:15,AVGO,0,0,0,0,0,1,0,1,1,1,0,0
2025-07-14 23:17:16,BR,0,0,0,0,0,1,0,1,1,1,0,0
2025-07-14 23:17:16,BRO,1,0,0,0,0,1,1,0,1,1,0,0
2025-07-14 23:17:17,BF-B,0,0,0,0,0,0,0,0,0,1,0,0
2025-07-14 23:17:18,BLDR,0,0,0,0,0,1,0,1,1,1,0,0
2025-07-14 23:17:18,BG,1,0,1,0,0,1,1,1,1,1,0,0
2025-07-14 23:17:19,BXP,1,0,1,0,0,1,1,0,1,0,0,0
2025-07-14 23:17:20,CHRW,0,0,0,0,0,0,0,1,1,1,0,0
2025-07-14 23:17:20,CDNS,1,0,1,0,0,1,1,1,1,1,0,0
2025-07-14 23:17:21,CZR,1,1,1,0,0,1,1,0,1,1,0,0
2025-07-14 23:17:21,CPT,1,0,1,0,0,0,1,1,1,0,0,0
2025-07-14 23:17:22,CPB,1,0,0,0,0,0,1,0,1,1,0,0
2025-07-14 23:17:23,COF,1,1,1,1,0,1,1,1,1,0,0,0
2025-07-14 23:17:23,CAH,1,0,1,0,0,1,1,1,1,0,0,0
2025-07-14 23:17:24,KMX,1,0,1,0,0,0,1,1,1,1,0,0
2025-07-14 23:17:24,CCL,1,0,1,0,0,1,1,0,1,1,0,0
2025-07-14 23:17:25,CARR,1,0,0,0,0,1,1,0,1,0,0,0
2025-07-14 23:17:26,CAT,1,0,1,0,0,1,1,1,1,0,0,0
2025-07-14 23:17:26,CBOE,0,0,0,0,0,0,0,1,1,1,0,0
2025-07-14 23:17:27,CBRE,0,0,0,0,0,0,0,1,1,0,0,0
2025-07-14 23:17:27,CDW,0,0,0,0,0,0,0,1,1,1,0,0
2025-07-14 23:17:28,COR,1,1,1,0,0,1,1,1,1,0,0,0
2025-07-14 23:17:29,CNC,0,0,0,0,0,0,0,1,1,1,0,0
2025-07-14 23:17:29,CNP,1,0,1,0,0,1,1,0,1,0,0,0
2025-07-14 23:17:30,CF,0,0,0,0,0,0,0,1,1,1,0,0
2025-07-14 23:17:31,CRL,0,0,0,0,0,0,0,1,1,1,0,0
2025-07-14 23:17:31,SCHW,0,0,0,0,0,1,0,0,1,1,0,0
2025-07-14 23:17:32,CHTR,1,0,0,0,0,1,1,1,1,1,0,0
2025-07-14 23:17:32,CVX,0,0,0,0,0,0,0,1,1,1,0,0
2025-07-14 23:17:33,CMG,1,0,1,0,0,1,1,0,1,1,0,0
2025-07-14 23:17:34,CB,1,0,1,0,0,1,1,1,1,0,0,0
2025-07-14 23:17:34,CHD,0,0,0,0,0,1,0,0,1,0,0,0
2025-07-14 23:17:35,CI,1,0,1,0,0,1,1,1,1,0,0,0
2025-07-14 23:17:35,CINF,1,0,0,0,0,1,1,1,1,1,0,0
2025-07-14 23:17:36,CTAS,1,0,0,0,0,1,1,1,1,0,0,0
2025-07-14 23:17:37,CSCO,1,0,0,0,0,1,1,0,1,0,0,0
2025-07-14 23:17:37,C,1,0,1,1,0,1,1,0,1,1,0,0
2025-07-14 23:17:38,CFG,1,0,1,1,0,1,1,0,1,0,0,0
2025-07-14 23:17:39,CLX,1,1,1,1,0,1,1,1,1,1,0,1
2025-07-14 23:17:39,CME,0,0,0,0,0,0,0,1,1,0,0,0
2025-07-14 23:17:40,CMS,1,0,1,1,0,1,1,0,1,0,0,0
2025-07-14 23:17:40,KO,1,0,1,0,0,0,1,0,1,0,0,0
2025-07-14 23:17:41,CTSH,0,0,0,0,0,1,0,0,1,0,0,0
2025-07-14 23:17:42,COIN,0,0,0,0,0,1,0,1,1,1,1,0
2025-07-14 23:17:42,CL,0,0,0,0,0,1,0,0,1,1,0,0
2025-07-14 23:17:43,CMCSA,1,0,0,0,0,1,1,0,1,1,0,0
2025-07-14 23:17:44,CAG,0,0,0,0,0,0,0,0,1,1,0,0
2025-07-14 23:17:44,COP,0,0,0,0,0,0,0,1,1,1,0,0
2025-07-14 23:17:45,ED,1,0,0,0,0,0,1,0,1,1,0,0
2025-07-14 23:17:45,STZ,0,0,0,0,0,0,0,1,1,1,0,0
2025-07-14 23:17:46,CEG,1,1,0,1,0,1,1,1,1,1,0,0
2025-07-14 23:17:47,COO,0,0,0,0,0,0,0,0,1,1,0,0
2025-07-14 23:17:47,CPRT,0,0,0,0,0,0,0,0,1,1,0,0
2025-07-14 23:17:48,GLW,1,0,0,0,0,1,1,0,1,1,0,0
2025-07-14 23:17:49,CPAY,0,0,0,0,0,0,0,1,1,1,0,0
2025-07-14 23:17:49,CTVA,0,0,1,0,0,0,0,0,1,1,0,0
2025-07-14 23:17:50,CSGP,0,0,0,0,0,0,0,0,1,1,0,0
2025-07-14 23:17:50,COST,1,1,1,1,0,1,1,1,1,0,0,0
2025-07-14 23:17:51,CTRA,0,0,0,0,0,0,0,0,1,1,0,0
2025-07-14 23:17:51,CRWD,1,0,0,0,0,1,1,1,1,1,0,0
2025-07-14 23:17:52,CCI,1,0,0,0,0,1,1,1,1,1,0,0
2025-07-14 23:17:53,CSX,0,0,0,0,0,1,0,0,1,1,0,0
2025-07-14 23:17:53,CMI,0,0,0,0,0,1,0,1,1,1,0,0
2025-07-14 23:17:54,CVS,0,0,0,0,0,0,0,0,1,0,0,0
2025-07-14 23:17:55,DHR,0,0,0,0,0,0,0,1,1,1,0,0
2025-07-14 23:17:55,DRI,0,0,0,0,0,0,0,1,1,0,0,0
2025-07-14 23:17:56,DDOG,0,0,0,0,0,0,0,1,1,1,0,0
2025-07-14 23:17:56,DVA,0,0,0,0,0,0,0,1,1,1,0,0
2025-07-14 23:17:57,DAY,0,0,0,0,0,0,0,0,1,1,0,0
2025-07-14 23:17:58,DECK,0,0,0,0,0,0,0,1,1,1,0,0
2025-07-14 23:17:58,DE,1,0,1,0,0,1,1,1,1,1,0,0
2025-07-14 23:17:59,DELL,0,0,0,0,0,1,0,1,1,1,0,0
2025-07-14 23:17:59,DAL,1,0,0,0,0,1,1,1,1,1,0,0
2025-07-14 23:18:00,DVN,0,0,0,0,0,0,0,0,1,1,0,0
2025-07-14 23:18:01,DXCM,1,0,1,0,0,1,1,1,1,1,0,0
2025-07-14 23:18:01,FANG,1,0,0,0,0,1,1,1,1,1,0,0
2025-07-14 23:18:02,DLR,0,0,0,0,0,1,0,1,1,1,0,0
2025-07-14 23:18:03,DG,1,0,0,0,0,1,1,1,1,1,0,0
2025-07-14 23:18:03,DLTR,1,1,1,1,0,1,1,1,1,1,0,1
2025-07-14 23:18:04,D,1,0,0,0,0,1,1,0,1,1,0,0
2025-07-14 23:18:04,DPZ,1,0,1,1,0,1,1,1,1,1,0,0
2025-07-14 23:18:05,DASH,1,0,0,0,0,1,1,1,1,1,0,0
2025-07-14 23:18:06,DOV,0,0,0,0,0,1,0,1,1,1,0,0
2025-07-14 23:18:06,DOW,0,0,1,0,0,0,0,0,1,1,0,0
2025-07-14 23:18:07,DHI,1,1,1,0,0,1,1,1,1,1,0,0
2025-07-14 23:18:08,DTE,1,0,1,0,0,0,1,1,1,1,0,0
2025-07-14 23:18:08,DUK,1,0,1,1,0,1,1,0,1,1,0,0
2025-07-14 23:18:09,DD,1,0,1,0,0,1,1,0,1,1,0,0
2025-07-14 23:18:09,EMN,0,0,0,0,0,0,0,1,1,1,0,0
2025-07-14 23:18:10,ETN,1,0,1,0,0,1,1,1,1,0,0,0
2025-07-14 23:18:11,EBAY,1,0,1,0,0,0,1,0,1,0,0,0
2025-07-14 23:18:11,ECL,1,0,1,0,0,1,1,1,1,0,0,0
2025-07-14 23:18:12,EIX,1,0,1,0,0,1,1,0,1,1,0,0
2025-07-14 23:18:13,EW,0,0,1,0,0,0,0,0,1,0,0,0
2025-07-14 23:18:13,EA,0,0,0,0,0,0,0,1,1,1,0,0
2025-07-14 23:18:14,ELV,1,0,0,0,0,1,1,1,1,1,0,0
2025-07-14 23:18:15,EMR,0,0,0,0,0,1,0,1,1,0,0,0
2025-07-14 23:18:15,ENPH,1,0,1,0,0,0,1,1,1,1,0,0
2025-07-14 23:18:16,ETR,1,1,1,1,0,1,1,0,1,1,0,0
2025-07-14 23:18:16,EOG,1,0,0,0,0,1,1,1,1,1,0,0
2025-07-14 23:18:17,EPAM,0,0,0,0,0,1,0,1,1,1,0,0
2025-07-14 23:18:18,EQT,1,0,1,1,0,1,1,0,1,1,0,0
2025-07-14 23:18:19,EFX,0,0,0,0,0,1,0,1,1,1,0,0
2025-07-14 23:18:19,EQIX,1,0,0,0,0,1,1,1,1,0,0,0
2025-07-14 23:18:20,EQR,1,0,1,1,0,1,1,0,1,0,0,0
2025-07-14 23:18:21,ERIE,1,0,1,0,0,1,1,1,1,1,0,0
2025-07-14 23:18:21,ESS,0,0,0,0,0,0,0,1,1,1,0,0
2025-07-14 23:18:22,EL,0,0,0,0,0,0,0,1,1,1,0,0
2025-07-14 23:18:23,EG,0,0,0,0,0,1,0,1,1,1,0,0
2025-07-14 23:18:23,EVRG,1,1,1,1,0,0,1,0,1,1,0,0
2025-07-14 23:18:24,ES,1,0,1,0,0,0,1,0,1,1,0,0
2025-07-14 23:18:25,EXC,1,0,1,1,0,1,1,0,1,1,0,0
2025-07-14 23:18:26,EXE,1,0,0,0,0,1,1,1,1,1,0,0
2025-07-14 23:18:26,EXPE,1,0,1,0,0,1,1,1,1,0,0,0
2025-07-14 23:18:27,EXPD,0,0,0,0,0,1,0,1,1,0,0,0
2025-07-14 23:18:28,EXR,0,0,1,0,0,1,0,1,1,0,0,0
2025-07-14 23:18:28,XOM,0,0,0,0,0,1,0,1,1,1,0,0
2025-07-14 23:18:29,FFIV,0,0,0,0,0,1,0,1,1,1,0,0
2025-07-14 23:18:30,FDS,0,0,1,0,0,0,0,1,1,1,0,0
2025-07-14 23:18:30,FICO,0,0,0,0,0,1,0,1,1,1,0,0
2025-07-14 23:18:31,FAST,0,0,0,0,0,1,0,0,1,1,1,0
2025-07-14 23:18:32,FRT,1,0,1,0,0,1,1,0,1,0,0,0
2025-07-14 23:18:33,FDX,0,0,0,0,0,1,0,1,1,1,0,0
2025-07-14 23:18:33,FIS,1,0,1,1,0,0,1,0,1,1,0,0
2025-07-14 23:18:34,FITB,1,0,1,1,0,1,1,0,1,0,0,0
2025-07-14 23:18:35,FSLR,0,0,0,0,0,0,0,1,1,1,0,0
2025-07-14 23:18:35,FE,1,0,1,0,0,1,1,0,1,0,0,0
2025-07-14 23:18:36,FI,0,0,0,0,0,0,0,1,1,1,0,0
2025-07-14 23:18:37,F,1,0,0,1,0,1,1,0,1,1,0,0
2025-07-14 23:18:37,FTNT,1,0,0,0,0,1,1,1,1,1,0,0
2025-07-14 23:18:38,FTV,0,0,0,0,0,0,0,0,1,0,0,0
2025-07-14 23:18:39,FOXA,1,0,0,0,0,1,1,0,1,1,0,0
2025-07-14 23:18:39,FOX,1,0,0,0,0,1,1,0,1,1,0,0
2025-07-14 23:18:40,BEN,0,0,0,0,0,1,0,0,1,0,0,0
2025-07-14 23:18:41,FCX,1,0,1,1,0,1,1,0,1,1,0,0
2025-07-14 23:18:41,GRMN,1,0,1,1,0,1,1,1,1,0,0,0
2025-07-14 23:18:42,IT,0,0,0,0,0,0,0,1,1,0,0,0
2025-07-14 23:18:51,MMM,1,0,1,1,0,1,1,1,1,1,0,0
2025-07-14 23:18:52,AOS,0,0,0,0,0,1,0,0,1,0,0,0
2025-07-14 23:18:52,ABT,0,0,0,0,0,0,0,1,1,0,0,0
2025-07-14 23:18:53,ABBV,1,0,1,0,0,1,1,1,1,0,0,0
2025-07-14 23:18:54,ACN,0,0,0,0,0,1,0,1,1,0,0,0
2025-07-14 23:18:54,ADBE,1,0,0,0,0,1,1,1,1,1,0,0
2025-07-14 23:18:55,AMD,0,0,0,0,0,1,0,1,1,1,0,0
2025-07-14 23:18:56,AES,1,0,1,1,0,1,1,0,1,1,0,0
2025-07-14 23:18:57,AFL,1,0,1,1,0,1,1,0,1,1,0,0
2025-07-14 23:18:57,A,0,0,0,0,0,0,0,1,1,1,0,0
2025-07-14 23:18:58,APD,0,0,0,0,0,0,0,1,1,0,0,0
2025-07-14 23:18:59,ABNB,0,0,0,0,0,1,0,1,1,1,0,0
2025-07-14 23:19:00,AKAM,0,0,0,0,0,0,0,0,1,1,0,0
2025-07-14 23:19:00,ALB,1,0,1,0,0,1,1,1,1,1,0,0
2025-07-14 23:19:01,ARE,0,0,0,0,0,0,0,1,1,1,0,0
2025-07-14 23:19:02,ALGN,0,0,0,0,0,0,0,1,1,1,0,0
2025-07-14 23:19:02,ALLE,0,0,0,0,0,0,0,1,1,0,0,0
2025-07-14 23:19:03,LNT,1,0,1,0,0,1,1,0,1,0,0,0
2025-07-14 23:19:04,ALL,1,0,1,1,0,1,1,1,1,1,0,0
2025-07-14 23:19:04,GOOGL,0,0,0,0,0,1,0,1,1,1,0,0
2025-07-14 23:19:05,GOOG,1,0,1,0,0,1,1,1,1,1,0,0
2025-07-14 23:19:06,MO,1,0,0,1,0,1,1,0,1,0,0,0
2025-07-14 23:19:06,AMZN,1,0,1,1,0,1,1,1,1,0,0,0
2025-07-14 23:19:07,AMCR,0,0,1,0,0,1,0,0,1,0,0,0
2025-07-14 23:19:08,AEE,1,1,1,1,0,1,1,0,1,1,0,0
2025-07-14 23:19:09,AEP,1,0,1,0,0,0,1,0,1,1,0,0
2025-07-14 23:19:09,AXP,1,0,1,0,0,1,1,1,1,0,0,0
2025-07-14 23:19:10,AIG,1,1,1,0,0,1,1,0,1,1,0,0
2025-07-14 23:19:11,AMT,0,0,0,0,0,1,0,1,1,1,0,0
2025-07-14 23:19:11,AWK,0,0,0,0,0,1,0,1,1,0,0,0
2025-07-14 23:19:12,AMP,0,0,0,0,0,1,0,1,1,0,0,0
2025-07-14 23:19:13,AME,0,0,0,0,0,0,0,1,1,0,0,0
2025-07-14 23:19:14,AMGN,1,1,1,1,0,1,1,1,1,0,0,0
2025-07-14 23:19:14,APH,0,0,0,0,0,1,0,0,1,1,0,0
2025-07-14 23:19:15,ADI,0,0,0,0,0,1,0,1,1,0,0,0
2025-07-14 23:19:16,ANSS,1,0,1,0,0,0,1,1,1,1,1,0
2025-07-14 23:19:16,AON,1,0,1,1,0,1,1,1,1,1,0,0
2025-07-14 23:19:17,APA,1,0,0,0,0,1,1,0,1,1,0,0
2025-07-14 23:19:18,APO,0,0,0,0,0,1,0,1,1,1,0,0
2025-07-14 23:19:19,AAPL,0,0,0,0,0,0,0,1,1,1,0,0
2025-07-14 23:19:19,AMAT,0,0,0,0,0,1,0,1,1,1,0,0
2025-07-14 23:19:20,APTV,0,0,0,0,0,0,0,0,1,1,0,0
2025-07-14 23:19:21,ACGL,0,0,0,0,0,1,0,0,1,1,0,0
2025-07-14 23:19:21,ADM,1,0,1,1,0,1,1,0,1,1,0,0
2025-07-14 23:19:22,ANET,1,0,1,0,0,1,1,1,1,1,0,0
2025-07-14 23:19:23,AJG,1,0,1,1,0,1,1,1,1,0,0,0
2025-07-14 23:19:23,AIZ,1,1,1,1,0,1,1,1,1,1,0,1
2025-07-14 23:19:24,T,0,0,0,0,0,0,0,0,1,1,0,0
2025-07-14 23:19:25,ATO,0,0,0,0,0,0,0,1,1,1,0,0
2025-07-14 23:19:25,ADSK,0,0,0,0,0,1,0,1,1,1,1,0
2025-07-14 23:19:26,ADP,0,0,0,0,0,1,0,1,1,0,0,0
2025-07-14 23:19:27,AZO,1,0,0,0,0,1,1,1,1,1,0,0
2025-07-14 23:19:28,AVB,1,0,1,0,0,0,1,1,1,0,0,0
2025-07-14 23:19:28,AVY,1,0,1,0,0,0,1,1,1,0,0,0
2025-07-14 23:19:29,AXON,0,0,0,0,0,1,0,1,1,1,0,0
2025-07-14 23:19:30,BKR,0,0,0,0,0,0,0,0,1,1,0,0
2025-07-14 23:19:30,BALL,1,0,1,1,0,1,1,0,1,0,0,0
2025-07-14 23:19:31,BAC,1,0,1,1,0,1,1,0,1,0,0,0
2025-07-14 23:19:32,BAX,0,0,0,0,0,0,0,0,1,1,0,0
2025-07-14 23:19:33,BDX,1,0,0,0,0,1,1,1,1,1,0,0
2025-07-14 23:19:33,BRK-B,0,0,0,0,0,0,0,1,0,0,0,0
2025-07-14 23:19:34,BBY,1,1,1,0,0,1,1,1,1,1,0,0
2025-07-14 23:19:35,TECH,0,0,0,0,0,0,0,1,1,1,0,0
2025-07-14 23:19:35,BIIB,0,0,0,0,0,0,0,1,1,0,0,0
2025-07-14 23:19:36,BLK,1,1,1,1,0,1,1,1,1,0,0,0
2025-07-14 23:19:37,BX,1,0,1,0,0,1,1,1,1,1,0,0
2025-07-14 23:19:38,BK,1,1,1,1,0,1,1,0,1,1,0,0
2025-07-14 23:19:38,BA,1,0,1,0,0,1,1,1,1,1,1,0
2025-07-14 23:19:39,BKNG,1,0,0,1,0,1,1,1,1,0,0,0
2025-07-14 23:19:40,BSX,0,0,0,0,0,0,0,0,1,1,0,0
2025-07-14 23:19:40,BMY,0,0,0,0,0,0,0,0,1,1,0,0
2025-07-14 23:19:41,AVGO,0,0,0,0,0,1,0,1,1,1,0,0
2025-07-14 23:19:42,BR,0,0,0,0,0,1,0,1,1,1,0,0
2025-07-14 23:19:43,BRO,1,0,0,0,0,1,1,0,1,1,0,0
2025-07-14 23:19:43,BF-B,0,0,0,0,0,0,0,0,0,1,0,0
2025-07-14 23:19:44,BLDR,0,0,0,0,0,1,0,1,1,1,0,0
2025-07-14 23:19:45,BG,1,0,1,0,0,1,1,1,1,1,0,0
2025-07-14 23:19:45,BXP,1,0,1,0,0,1,1,0,1,0,0,0
2025-07-14 23:19:46,CHRW,0,0,0,0,0,0,0,1,1,1,0,0
2025-07-14 23:19:47,CDNS,1,0,1,0,0,1,1,1,1,1,0,0
2025-07-14 23:19:47,CZR,1,1,1,0,0,1,1,0,1,1,0,0
2025-07-14 23:19:48,CPT,1,0,1,0,0,0,1,1,1,0,0,0
2025-07-14 23:19:49,CPB,1,0,0,0,0,0,1,0,1,1,0,0
2025-07-14 23:19:50,COF,1,1,1,1,0,1,1,1,1,0,0,0
2025-07-14 23:19:50,CAH,1,0,1,0,0,1,1,1,1,0,0,0
2025-07-14 23:19:51,KMX,1,0,1,0,0,0,1,1,1,1,0,0
2025-07-14 23:19:52,CCL,1,0,1,0,0,1,1,0,1,1,0,0
2025-07-14 23:19:52,CARR,1,0,0,0,0,1,1,0,1,0,0,0
2025-07-14 23:19:53,CAT,1,0,1,0,0,1,1,1,1,0,0,0
2025-07-14 23:19:54,CBOE,0,0,0,0,0,0,0,1,1,1,0,0
2025-07-14 23:19:54,CBRE,0,0,0,0,0,0,0,1,1,0,0,0
2025-07-14 23:19:55,CDW,0,0,0,0,0,0,0,1,1,1,0,0
2025-07-14 23:19:56,COR,1,1,1,0,0,1,1,1,1,0,0,0
2025-07-14 23:19:56,CNC,0,0,0,0,0,0,0,1,1,1,0,0
2025-07-14 23:19:57,CNP,1,0,1,0,0,1,1,0,1,0,0,0
2025-07-14 23:19:58,CF,0,0,0,0,0,0,0,1,1,1,0,0
2025-07-14 23:19:59,CRL,0,0,0,0,0,0,0,1,1,1,0,0
2025-07-14 23:19:59,SCHW,0,0,0,0,0,1,0,0,1,1,0,0
2025-07-14 23:20:00,CHTR,1,0,0,0,0,1,1,1,1,1,0,0
2025-07-14 23:20:01,CVX,0,0,0,0,0,0,0,1,1,1,0,0
2025-07-14 23:20:01,CMG,1,0,1,0,0,1,1,0,1,1,0,0
2025-07-14 23:20:02,CB,1,0,1,0,0,1,1,1,1,0,0,0
2025-07-14 23:20:03,CHD,0,0,0,0,0,1,0,0,1,0,0,0
2025-07-14 23:20:04,CI,1,0,1,0,0,1,1,1,1,0,0,0
2025-07-14 23:20:04,CINF,1,0,0,0,0,1,1,1,1,1,0,0
2025-07-14 23:20:05,CTAS,1,0,0,0,0,1,1,1,1,0,0,0
2025-07-14 23:20:06,CSCO,1,0,0,0,0,1,1,0,1,0,0,0
2025-07-14 23:20:06,C,1,0,1,1,0,1,1,0,1,1,0,0
2025-07-14 23:20:07,CFG,1,0,1,1,0,1,1,0,1,0,0,0
2025-07-14 23:20:08,CLX,1,1,1,1,0,1,1,1,1,1,0,1
2025-07-14 23:20:09,CME,0,0,0,0,0,0,0,1,1,0,0,0
2025-07-14 23:20:09,CMS,1,0,1,1,0,1,1,0,1,0,0,0
2025-07-14 23:20:10,KO,1,0,1,0,0,0,1,0,1,0,0,0
2025-07-14 23:20:11,CTSH,0,0,0,0,0,1,0,0,1,0,0,0
2025-07-14 23:20:12,COIN,0,0,0,0,0,1,0,1,1,1,1,0
2025-07-14 23:20:12,CL,0,0,0,0,0,1,0,0,1,1,0,0
2025-07-14 23:20:13,CMCSA,1,0,0,0,0,1,1,0,1,1,0,0
2025-07-14 23:20:14,CAG,0,0,0,0,0,0,0,0,1,1,0,0
2025-07-14 23:20:14,COP,0,0,0,0,0,0,0,1,1,1,0,0
2025-07-14 23:20:15,ED,1,0,0,0,0,0,1,0,1,1,0,0
2025-07-14 23:20:16,STZ,0,0,0,0,0,0,0,1,1,1,0,0
2025-07-14 23:20:17,CEG,1,1,0,1,0,1,1,1,1,1,0,0
2025-07-14 23:20:17,COO,0,0,0,0,0,0,0,0,1,1,0,0
2025-07-14 23:20:18,CPRT,0,0,0,0,0,0,0,0,1,1,0,0
2025-07-14 23:20:19,GLW,1,0,0,0,0,1,1,0,1,1,0,0
2025-07-14 23:20:19,CPAY,0,0,0,0,0,0,0,1,1,1,0,0
2025-07-14 23:20:20,CTVA,0,0,1,0,0,0,0,0,1,1,0,0
2025-07-14 23:20:21,CSGP,0,0,0,0,0,0,0,0,1,1,0,0
2025-07-14 23:20:21,COST,1,1,1,1,0,1,1,1,1,0,0,0
2025-07-14 23:20:22,CTRA,0,0,0,0,0,0,0,0,1,1,0,0
2025-07-14 23:20:23,CRWD,1,0,0,0,0,1,1,1,1,1,0,0
2025-07-14 23:20:24,CCI,1,0,0,0,0,1,1,1,1,1,0,0
2025-07-14 23:20:24,CSX,0,0,0,0,0,1,0,0,1,1,0,0
2025-07-14 23:20:25,CMI,0,0,0,0,0,1,0,1,1,1,0,0
2025-07-14 23:20:26,CVS,0,0,0,0,0,0,0,0,1,0,0,0
2025-07-14 23:20:27,DHR,0,0,0,0,0,0,0,1,1,1,0,0
2025-07-14 23:20:27,DRI,0,0,0,0,0,0,0,1,1,0,0,0
2025-07-14 23:20:28,DDOG,0,0,0,0,0,0,0,1,1,1,0,0
2025-07-14 23:20:29,DVA,0,0,0,0,0,0,0,1,1,1,0,0
2025-07-14 23:20:29,DAY,0,0,0,0,0,0,0,0,1,1,0,0
2025-07-14 23:20:30,DECK,0,0,0,0,0,0,0,1,1,1,0,0
2025-07-14 23:20:31,DE,1,0,1,0,0,1,1,1,1,1,0,0
2025-07-14 23:20:31,DELL,0,0,0,0,0,1,0,1,1,1,0,0
2025-07-14 23:20:32,DAL,1,0,0,0,0,1,1,1,1,1,0,0
2025-07-14 23:20:33,DVN,0,0,0,0,0,0,0,0,1,1,0,0
2025-07-14 23:20:33,DXCM,1,0,1,0,0,1,1,1,1,1,0,0
2025-07-14 23:20:34,FANG,1,0,0,0,0,1,1,1,1,1,0,0
2025-07-14 23:20:35,DLR,0,0,0,0,0,1,0,1,1,1,0,0
2025-07-14 23:20:35,DG,1,0,0,0,0,1,1,1,1,1,0,0
2025-07-14 23:20:36,DLTR,1,1,1,1,0,1,1,1,1,1,0,1
2025-07-14 23:20:37,D,1,0,0,0,0,1,1,0,1,1,0,0
2025-07-14 23:20:38,DPZ,1,0,1,1,0,1,1,1,1,1,0,0
2025-07-14 23:20:38,DASH,1,0,0,0,0,1,1,1,1,1,0,0
2025-07-14 23:20:39,DOV,0,0,0,0,0,1,0,1,1,1,0,0
2025-07-14 23:20:40,DOW,0,0,1,0,0,0,0,0,1,1,0,0
2025-07-14 23:20:41,DHI,1,1,1,0,0,1,1,1,1,1,0,0
2025-07-14 23:20:41,DTE,1,0,1,0,0,0,1,1,1,1,0,0
2025-07-14 23:20:42,DUK,1,0,1,1,0,1,1,0,1,1,0,0
2025-07-14 23:20:43,DD,1,0,1,0,0,1,1,0,1,1,0,0
2025-07-14 23:20:44,EMN,0,0,0,0,0,0,0,1,1,1,0,0
2025-07-14 23:20:44,ETN,1,0,1,0,0,1,1,1,1,0,0,0
2025-07-14 23:20:45,EBAY,1,0,1,0,0,0,1,0,1,0,0,0
2025-07-14 23:20:46,ECL,1,0,1,0,0,1,1,1,1,0,0,0
2025-07-14 23:20:46,EIX,1,0,1,0,0,1,1,0,1,1,0,0
2025-07-14 23:20:47,EW,0,0,1,0,0,0,0,0,1,0,0,0
2025-07-14 23:20:48,EA,0,0,0,0,0,0,0,1,1,1,0,0
2025-07-14 23:20:48,ELV,1,0,0,0,0,1,1,1,1,1,0,0
2025-07-14 23:20:49,EMR,0,0,0,0,0,1,0,1,1,0,0,0
2025-07-14 23:20:50,ENPH,1,0,1,0,0,0,1,1,1,1,0,0
2025-07-14 23:20:51,ETR,1,1,1,1,0,1,1,0,1,1,0,0
2025-07-14 23:20:52,EOG,1,0,0,0,0,1,1,1,1,1,0,0
2025-07-14 23:20:52,EPAM,0,0,0,0,0,1,0,1,1,1,0,0
2025-07-14 23:20:53,EQT,1,0,1,1,0,1,1,0,1,1,0,0
2025-07-14 23:20:54,EFX,0,0,0,0,0,1,0,1,1,1,0,0
2025-07-14 23:20:54,EQIX,1,0,0,0,0,1,1,1,1,0,0,0
2025-07-14 23:20:55,EQR,1,0,1,1,0,1,1,0,1,0,0,0
2025-07-14 23:20:56,ERIE,1,0,1,0,0,1,1,1,1,1,0,0
2025-07-14 23:20:57,ESS,0,0,0,0,0,0,0,1,1,1,0,0
2025-07-14 23:20:57,EL,0,0,0,0,0,0,0,1,1,1,0,0
2025-07-14 23:20:58,EG,0,0,0,0,0,1,0,1,1,1,0,0
2025-07-14 23:20:59,EVRG,1,1,1,1,0,0,1,0,1,1,0,0
2025-07-14 23:21:00,ES,1,0,1,0,0,0,1,0,1,1,0,0
2025-07-14 23:21:00,EXC,1,0,1,1,0,1,1,0,1,1,0,0
2025-07-14 23:21:01,EXE,1,0,0,0,0,1,1,1,1,1,0,0
2025-07-14 23:21:02,EXPE,1,0,1,0,0,1,1,1,1,0,0,0
2025-07-14 23:21:02,EXPD,0,0,0,0,0,1,0,1,1,0,0,0
2025-07-14 23:21:03,EXR,0,0,1,0,0,1,0,1,1,0,0,0
2025-07-14 23:21:04,XOM,0,0,0,0,0,1,0,1,1,1,0,0
2025-07-14 23:21:05,FFIV,0,0,0,0,0,1,0,1,1,1,0,0
2025-07-14 23:21:05,FDS,0,0,1,0,0,0,0,1,1,1,0,0
2025-07-14 23:21:06,FICO,0,0,0,0,0,1,0,1,1,1,0,0
2025-07-14 23:21:07,FAST,0,0,0,0,0,1,0,0,1,1,1,0
2025-07-14 23:21:07,FRT,1,0,1,0,0,1,1,0,1,0,0,0
2025-07-14 23:21:08,FDX,0,0,0,0,0,1,0,1,1,1,0,0
2025-07-14 23:21:09,FIS,1,0,1,1,0,0,1,0,1,1,0,0
2025-07-14 23:21:09,FITB,1,0,1,1,0,1,1,0,1,0,0,0
2025-07-14 23:21:10,FSLR,0,0,0,0,0,0,0,1,1,1,0,0
2025-07-14 23:21:11,FE,1,0,1,0,0,1,1,0,1,0,0,0
2025-07-14 23:21:11,FI,0,0,0,0,0,0,0,1,1,1,0,0
2025-07-14 23:21:12,F,1,0,0,1,0,1,1,0,1,1,0,0
2025-07-14 23:21:12,FTNT,1,0,0,0,0,1,1,1,1,1,0,0
2025-07-14 23:21:13,FTV,0,0,0,0,0,0,0,0,1,0,0,0
2025-07-14 23:21:14,FOXA,1,0,0,0,0,1,1,0,1,1,0,0
2025-07-14 23:21:14,FOX,1,0,0,0,0,1,1,0,1,1,0,0
2025-07-14 23:21:15,BEN,0,0,0,0,0,1,0,0,1,0,0,0
2025-07-14 23:21:16,FCX,1,0,1,1,0,1,1,0,1,1,0,0
2025-07-14 23:21:16,GRMN,1,0,1,1,0,1,1,1,1,0,0,0
2025-07-14 23:21:17,IT,0,0,0,0,0,0,0,1,1,0,0,0
2025-07-14 23:21:17,GE,1,1,1,1,0,1,1,1,1,1,0,1
2025-07-14 23:21:18,GEHC,0,0,0,0,0,1,0,0,1,0,0,0
2025-07-14 23:21:19,GEV,1,0,0,0,0,1,1,1,1,1,0,0
2025-07-14 23:21:19,GEN,0,0,0,0,0,1,0,0,1,1,1,0
2025-07-14 23:21:20,GNRC,0,0,0,0,0,0,0,1,1,1,0,0
2025-07-14 23:21:21,GD,0,0,0,0,0,1,0,1,1,0,0,0
2025-07-14 23:21:22,GIS,1,0,1,0,0,0,1,0,1,1,0,0
2025-07-14 23:21:22,GM,0,0,0,0,0,1,0,0,1,1,0,0
2025-07-14 23:21:23,GPC,1,0,0,0,0,1,1,1,1,1,0,0
2025-07-14 23:21:24,GILD,1,1,1,0,0,1,1,1,1,1,0,0
2025-07-14 23:21:24,GPN,0,0,1,0,0,0,0,0,1,1,1,0
2025-07-14 23:21:25,GL,1,0,1,0,0,1,1,1,1,1,0,0
2025-07-14 23:21:26,GDDY,0,0,0,0,0,0,0,1,1,1,0,0
2025-07-14 23:21:26,GS,1,0,1,1,0,1,1,1,1,1,0,0
2025-07-14 23:21:27,HAL,0,0,0,0,0,0,0,0,1,1,0,0
2025-07-14 23:21:28,HIG,1,0,1,0,0,1,1,1,1,1,0,0
2025-07-14 23:21:29,HAS,0,0,0,0,0,1,0,0,1,1,0,0
2025-07-14 23:21:29,HCA,1,0,1,0,0,1,1,1,1,1,0,0
2025-07-14 23:21:30,DOC,1,0,1,1,0,1,1,0,1,0,0,0
2025-07-14 23:21:31,HSIC,0,0,0,0,0,1,0,0,1,1,0,0
2025-07-14 23:21:32,HSY,0,0,0,0,0,0,0,1,1,1,0,0
2025-07-14 23:21:32,HES,0,0,0,0,0,0,0,1,1,1,0,0
2025-07-14 23:21:33,HPE,0,0,0,0,0,0,0,0,1,1,0,0
2025-07-14 23:21:34,HLT,0,0,0,0,0,1,0,1,1,1,0,0
2025-07-14 23:21:34,HOLX,0,0,0,0,0,0,0,0,1,1,0,0
2025-07-14 23:21:35,HD,1,0,1,0,0,1,1,1,1,0,0,0
2025-07-14 23:21:36,HON,0,0,0,0,0,1,0,1,1,1,0,0
2025-07-14 23:21:37,HRL,1,1,1,1,0,1,1,0,1,1,0,0
2025-07-14 23:21:37,HST,1,0,1,0,0,1,1,0,1,1,0,0
2025-07-14 23:21:38,HWM,1,0,0,0,0,1,1,1,1,1,0,0
2025-07-14 23:21:39,HPQ,0,0,0,0,0,0,0,0,1,1,0,0
2025-07-14 23:21:40,HUBB,0,0,0,0,0,1,0,1,1,0,0,0
2025-07-14 23:21:40,HUM,0,0,0,0,0,0,0,1,1,1,0,0
2025-07-14 23:21:41,HBAN,1,0,1,1,0,1,1,0,1,1,0,0
2025-07-14 23:21:42,HII,0,0,0,0,0,1,0,1,1,1,0,0
2025-07-14 23:21:43,IBM,0,0,0,0,0,1,0,1,1,0,0,0
2025-07-14 23:21:43,IEX,0,0,0,0,0,0,0,1,1,0,0,0
2025-07-14 23:21:44,IDXX,0,0,0,0,0,0,0,1,1,0,0,0
2025-07-14 23:21:45,ITW,0,0,0,0,0,1,0,1,1,0,0,0
2025-07-14 23:21:45,INCY,1,1,1,0,0,1,1,1,1,1,0,0
2025-07-14 23:21:46,IR,0,0,0,0,0,0,0,0,1,1,0,0
2025-07-14 23:21:47,PODD,0,0,0,0,0,0,0,1,1,1,0,0
2025-07-14 23:21:47,INTC,0,0,0,0,0,1,0,0,1,1,0,0
2025-07-14 23:21:48,ICE,0,0,0,0,0,0,0,1,1,1,0,0
2025-07-14 23:21:49,IFF,0,0,0,0,0,0,0,0,1,0,0,0
2025-07-14 23:21:50,IP,1,0,1,1,0,1,1,0,1,0,0,0
2025-07-14 23:21:50,IPG,0,0,0,0,0,1,0,0,1,0,0,0
2025-07-14 23:21:51,INTU,0,0,0,0,0,0,0,1,1,1,0,0
2025-07-14 23:21:52,ISRG,0,0,0,0,0,0,0,1,1,1,0,0
2025-07-14 23:21:52,IVZ,1,0,1,0,0,1,1,0,1,0,0,0
2025-07-14 23:21:53,INVH,0,0,1,0,0,0,0,0,1,0,0,0
2025-07-14 23:21:54,IQV,0,0,0,0,0,0,0,1,1,1,0,0
2025-07-14 23:21:55,IRM,0,0,0,0,0,0,0,1,1,0,0,0
2025-07-14 23:21:55,JBHT,1,0,1,0,0,1,1,1,1,1,0,0
2025-07-14 23:21:56,JBL,0,0,0,0,0,0,0,1,1,0,0,0
2025-07-14 23:21:57,JKHY,0,0,0,0,0,0,0,1,1,1,0,0
2025-07-14 23:21:57,J,0,0,0,0,0,1,0,0,1,0,0,0
2025-07-14 23:21:59,JNJ,1,0,1,0,0,1,1,1,1,0,0,0
2025-07-14 23:21:59,JCI,0,0,0,0,0,1,0,0,1,0,0,0
2025-07-14 23:22:00,JPM,1,0,1,0,0,1,1,1,1,0,0,0
2025-07-14 23:22:01,K,1,0,0,0,0,1,1,0,0,0,0,0
2025-07-14 23:22:01,KVUE,0,0,0,0,0,1,0,0,1,1,1,0
2025-07-14 23:22:02,KDP,1,0,1,0,0,1,1,0,1,0,0,0
2025-07-14 23:22:03,KEY,1,0,1,0,0,1,1,0,1,0,0,0
2025-07-14 23:22:04,KEYS,0,0,0,0,0,1,0,1,1,1,0,0
2025-07-14 23:22:04,KMB,1,0,0,0,0,1,1,1,1,1,0,0
2025-07-14 23:22:05,KIM,1,0,1,0,0,1,1,0,1,1,0,0
2025-07-14 23:22:06,KMI,1,1,1,1,0,1,1,0,1,1,0,0
2025-07-14 23:22:06,KKR,0,0,0,0,0,0,0,1,1,0,0,0
2025-07-14 23:22:07,KLAC,0,0,0,0,0,1,0,1,1,1,0,0
2025-07-14 23:22:08,KHC,1,1,1,1,0,1,1,0,1,1,0,0
2025-07-14 23:22:08,KR,1,0,1,0,0,1,1,0,1,1,0,0
2025-07-14 23:22:09,LHX,1,0,0,0,0,1,1,1,1,1,0,0
2025-07-14 23:22:10,LH,0,0,0,0,0,0,0,1,1,0,0,0
2025-07-14 23:22:10,LRCX,0,0,0,0,0,0,0,1,1,1,0,0
2025-07-14 23:22:11,LW,0,0,0,0,0,1,0,0,1,1,0,0
2025-07-14 23:22:12,LVS,1,0,1,0,0,1,1,0,1,1,0,0
2025-07-14 23:22:12,LDOS,0,0,0,0,0,0,0,1,1,1,0,0
2025-07-14 23:22:13,LEN,1,1,0,0,0,1,1,1,1,1,0,0
2025-07-14 23:22:14,LII,0,0,0,0,0,0,0,1,1,0,0,0
2025-07-14 23:22:15,LLY,1,1,1,0,0,1,1,1,1,1,0,0
2025-07-14 23:22:15,LIN,1,0,1,0,0,1,1,1,1,0,0,0
2025-07-14 23:22:16,LYV,1,0,0,0,0,1,1,1,1,1,0,0
2025-07-14 23:22:16,LKQ,1,0,1,0,0,1,1,0,1,1,0,0
2025-07-14 23:22:17,LMT,1,0,1,0,0,1,1,1,1,0,0,0
2025-07-14 23:22:18,L,1,0,1,1,0,1,1,0,1,1,0,0
2025-07-14 23:22:18,LOW,1,0,0,0,0,1,1,1,1,1,0,0
2025-07-14 23:22:19,LULU,0,0,0,0,0,0,0,1,1,1,0,0
2025-07-14 23:22:20,LYB,0,0,1,0,0,0,0,0,1,1,0,0
2025-07-14 23:22:21,MTB,1,0,1,0,0,1,1,1,1,0,0,0
2025-07-14 23:22:21,MPC,0,0,0,0,0,1,0,1,1,1,0,0
2025-07-14 23:22:22,MKTX,1,0,1,0,0,1,1,1,1,1,0,0
2025-07-14 23:22:23,MAR,0,0,0,0,0,1,0,1,1,0,0,0
2025-07-14 23:22:23,MMC,0,0,1,0,0,1,0,1,1,0,0,0
2025-07-14 23:22:24,MLM,1,0,1,1,0,1,1,1,1,0,0,0
2025-07-14 23:22:25,MAS,1,0,0,0,0,1,1,0,1,1,0,0
2025-07-14 23:22:25,MA,0,0,0,0,0,0,0,1,1,1,0,0
2025-07-14 23:22:26,MTCH,0,0,0,0,0,0,0,0,1,1,0,0
2025-07-14 23:22:27,MKC,1,1,1,1,0,1,1,0,1,1,0,0
2025-07-14 23:22:28,MCD,1,0,1,0,0,1,1,1,1,1,0,0
2025-07-14 23:22:28,MCK,1,0,0,0,0,1,1,1,1,1,0,0
2025-07-14 23:22:29,MDT,1,0,1,0,0,1,1,0,1,0,0,0
2025-07-14 23:22:30,MRK,0,0,0,0,0,1,0,0,1,0,0,0
2025-07-14 23:22:30,META,0,0,0,0,0,0,0,1,1,1,0,0
2025-07-14 23:22:31,MET,1,0,1,1,0,1,1,0,1,0,0,0
2025-07-14 23:22:32,MTD,0,0,0,0,0,0,0,1,1,1,0,0
2025-07-14 23:22:32,MGM,1,0,1,1,0,1,1,0,1,1,0,0
2025-07-14 23:22:33,MCHP,0,0,0,0,0,1,0,1,1,1,0,0
2025-07-14 23:22:34,MU,0,0,0,0,0,0,0,1,1,1,0,0
2025-07-14 23:22:35,MSFT,0,0,0,0,0,1,0,1,1,0,0,0
2025-07-14 23:22:35,MAA,0,0,1,0,0,0,0,1,1,0,0,0
2025-07-14 23:22:36,MRNA,0,0,0,0,0,0,0,0,1,1,0,0
2025-07-14 23:22:37,MHK,0,0,0,0,0,1,0,1,1,0,0,0
2025-07-14 23:22:37,MOH,0,0,0,0,0,0,0,1,1,1,0,0
2025-07-14 23:22:38,TAP,1,1,1,1,0,1,1,0,1,1,0,0
2025-07-14 23:22:39,MDLZ,1,0,0,0,0,1,1,0,1,0,0,0
2025-07-14 23:22:39,MPWR,1,0,0,0,0,1,1,1,1,1,0,0
2025-07-14 23:22:40,MNST,0,0,0,0,0,1,0,0,1,1,0,0
2025-07-14 23:22:41,MCO,1,0,1,0,0,1,1,1,1,0,0,0
2025-07-14 23:22:42,MS,1,0,1,1,0,1,1,1,1,0,0,0
2025-07-14 23:22:42,MOS,1,0,1,0,0,0,1,0,1,1,0,0
2025-07-14 23:22:43,MSI,0,0,0,0,0,0,0,1,1,0,0,0
2025-07-14 23:22:44,MSCI,0,0,0,0,0,0,0,1,1,1,0,0
2025-07-14 23:22:44,NDAQ,0,0,0,0,0,1,0,0,1,0,0,0
2025-07-14 23:22:45,NTAP,0,0,0,0,0,0,0,1,1,1,0,0
2025-07-14 23:22:46,NFLX,0,0,0,0,0,0,0,1,1,1,0,0
2025-07-14 23:22:46,NEM,0,0,0,0,0,1,0,0,1,1,0,0
2025-07-14 23:22:47,NWSA,0,0,0,0,0,1,0,0,1,0,0,0
2025-07-14 23:22:48,NWS,0,0,0,0,0,1,0,0,1,1,0,0
2025-07-14 23:22:49,NEE,0,0,0,0,0,1,0,1,1,1,0,0
2025-07-14 23:22:49,NKE,1,0,1,0,0,1,1,1,1,1,0,0
2025-07-14 23:22:50,NI,1,0,1,1,0,1,1,0,1,1,0,0
2025-07-14 23:22:51,NDSN,0,0,0,0,0,0,0,1,1,0,0,0
2025-07-14 23:22:52,NSC,0,0,0,0,0,1,0,1,1,1,0,0
2025-07-14 23:22:52,NTRS,1,0,1,1,0,1,1,1,1,1,0,0
2025-07-14 23:22:53,NOC,0,0,0,0,0,1,0,1,1,1,0,0
2025-07-14 23:22:54,NCLH,1,0,1,0,0,1,1,0,1,1,0,0
2025-07-14 23:22:54,NRG,1,0,1,0,0,1,1,1,1,1,0,0
2025-07-14 23:22:55,NUE,0,0,0,0,0,0,0,1,1,1,0,0
2025-07-14 23:22:56,NVDA,0,0,0,0,0,0,0,1,1,1,0,0
2025-07-14 23:22:57,NVR,1,0,1,0,0,1,1,1,1,1,0,0
2025-07-14 23:22:57,NXPI,1,0,0,0,0,1,1,1,1,1,0,0
2025-07-14 23:22:58,ORLY,0,0,0,0,0,1,0,0,1,1,0,0
2025-07-14 23:22:59,OXY,0,0,0,0,0,1,0,0,1,1,0,0
2025-07-14 23:22:59,ODFL,0,0,0,0,0,0,0,1,1,1,0,0
2025-07-14 23:23:00,OMC,0,0,0,0,0,1,0,0,1,0,0,0
2025-07-14 23:23:01,ON,0,0,0,0,0,1,0,0,1,1,0,0
2025-07-14 23:23:02,OKE,1,0,1,0,0,1,1,0,1,0,0,0
2025-07-14 23:23:02,ORCL,0,0,1,0,0,1,0,1,1,1,0,0
2025-07-14 23:23:03,OTIS,1,0,1,0,0,1,1,0,1,0,0,0
2025-07-14 23:23:04,PCAR,0,0,0,0,0,0,0,1,1,1,0,0
2025-07-14 23:23:04,PKG,0,0,0,0,0,0,0,1,1,0,0,0
2025-07-14 23:23:05,PLTR,1,0,1,0,0,1,1,1,1,1,0,0
2025-07-14 23:23:06,PANW,0,0,0,0,0,1,0,1,1,1,0,0
2025-07-14 23:23:06,PARA,1,0,0,0,0,1,1,0,1,1,0,0
2025-07-14 23:23:07,PH,0,0,0,0,0,1,0,1,1,0,0,0
2025-07-14 23:23:08,PAYX,1,0,1,0,0,1,1,1,1,0,0,0
2025-07-14 23:23:08,PAYC,0,0,0,0,0,1,0,1,1,1,0,0
2025-07-14 23:23:09,PYPL,1,0,1,0,0,1,1,0,1,1,0,0
2025-07-14 23:23:10,PNR,1,0,0,0,0,1,1,0,1,0,0,0
2025-07-14 23:23:11,PEP,0,0,0,0,0,1,0,1,1,1,0,0
2025-07-14 23:23:12,PFE,0,0,0,0,0,0,0,0,1,0,0,0
2025-07-14 23:23:12,PCG,1,0,0,0,0,1,1,0,1,1,0,0
2025-07-14 23:23:13,PM,1,0,1,0,0,1,1,1,1,0,0,0
2025-07-14 23:23:14,PSX,0,0,0,0,0,0,0,1,1,1,0,0
2025-07-14 23:23:15,PNW,1,0,0,0,0,0,1,0,1,1,0,0
2025-07-14 23:23:15,PNC,1,1,1,1,0,1,1,1,1,0,0,0
2025-07-14 23:23:16,POOL,0,0,0,0,0,0,0,1,1,1,0,0
2025-07-14 23:23:17,PPG,1,0,1,1,0,1,1,1,1,0,0,0
2025-07-14 23:23:17,PPL,1,0,0,0,0,1,1,0,1,1,0,0
2025-07-14 23:23:18,PFG,1,0,0,0,0,1,1,0,1,1,0,0
2025-07-14 23:23:19,PG,0,0,0,0,0,0,0,1,1,1,0,0
2025-07-14 23:23:20,PGR,1,1,1,1,0,1,1,1,1,1,0,1
2025-07-14 23:23:20,PLD,1,1,1,1,0,1,1,1,1,0,0,0
2025-07-14 23:23:21,PRU,1,0,1,1,0,1,1,0,1,0,0,0
2025-07-14 23:23:22,PEG,1,0,1,0,0,1,1,0,1,1,0,0
2025-07-14 23:23:23,PTC,1,0,1,1,0,1,1,1,1,1,0,0
2025-07-14 23:23:23,PSA,1,0,1,0,0,1,1,1,1,0,0,0
2025-07-14 23:23:24,PHM,1,0,0,0,0,1,1,1,1,1,0,0
2025-07-14 23:23:25,PWR,0,0,0,0,0,1,0,1,1,1,0,0
2025-07-14 23:23:25,QCOM,0,0,0,0,0,1,0,1,1,1,0,0
2025-07-14 23:23:26,DGX,1,0,1,0,0,1,1,1,1,0,0,0
2025-07-14 23:23:26,RL,0,0,0,0,0,1,0,1,1,0,0,0
2025-07-14 23:23:27,RJF,1,0,1,0,0,1,1,1,1,0,0,0
2025-07-14 23:23:28,RTX,1,0,1,0,0,1,1,1,1,1,0,0
2025-07-14 23:23:28,O,0,0,0,0,0,1,0,0,1,1,0,0
2025-07-14 23:23:29,REG,1,0,1,1,0,1,1,0,1,0,0,0
2025-07-14 23:23:30,REGN,0,0,0,0,0,1,0,1,1,1,0,0
2025-07-14 23:23:31,RF,1,1,1,1,0,1,1,0,1,0,0,0
2025-07-14 23:23:31,RSG,1,0,0,0,0,1,1,1,1,1,0,0
2025-07-14 23:23:32,RMD,0,0,0,0,0,0,0,1,1,0,0,0
2025-07-14 23:23:33,RVTY,0,0,0,0,0,0,0,1,1,1,0,0
2025-07-14 23:23:33,ROK,0,0,0,0,0,1,0,1,1,0,0,0
2025-07-14 23:23:34,ROL,1,0,0,0,0,1,1,0,1,1,0,0
2025-07-14 23:23:35,ROP,1,0,1,1,0,1,1,1,1,0,0,0
2025-07-14 23:23:35,ROST,1,1,1,0,0,1,1,1,1,0,0,0
2025-07-14 23:23:36,RCL,1,0,1,0,0,1,1,1,1,1,0,0
2025-07-14 23:23:37,SPGI,0,0,0,0,0,1,0,1,1,0,0,0
2025-07-14 23:23:38,CRM,0,0,0,0,0,0,0,1,1,1,0,0
2025-07-14 23:23:38,SBAC,0,0,0,0,0,1,0,1,1,1,0,0
2025-07-14 23:23:39,SLB,0,0,0,0,0,0,0,0,1,1,0,0
2025-07-14 23:23:40,STX,0,0,0,0,0,1,0,1,1,1,0,0
2025-07-14 23:23:40,SRE,1,0,0,0,0,1,1,0,1,1,0,0
2025-07-14 23:23:41,NOW,1,0,0,0,0,1,1,1,1,1,0,0
2025-07-14 23:23:42,SHW,0,0,0,0,0,0,0,1,1,0,0,0
2025-07-14 23:23:42,SPG,1,0,1,0,0,1,1,1,1,0,0,0
2025-07-14 23:23:43,SWKS,1,0,0,0,0,1,1,0,1,1,0,0
2025-07-14 23:23:44,SJM,1,1,1,1,0,1,1,1,1,0,0,0
2025-07-14 23:23:44,SW,0,0,0,0,0,0,0,0,1,0,0,0
2025-07-14 23:23:45,SNA,0,0,0,0,0,1,0,1,1,1,0,0
2025-07-14 23:23:46,SOLV,0,0,0,0,0,1,0,0,1,0,0,0
2025-07-14 23:23:46,SO,0,0,0,0,0,1,0,0,1,0,0,0
